2018-09-08,0:58:44,G08_066_T02,38.657792,-8.788100,G08_066T02_9000002346,NGC 985,uvit2
2018-09-08,10:05:00,A04_104_T03,311.040700,-10.723457,A04_104T03_9000002348,Mrk 509,sxt
2018-09-09,6:55:34,G08_081_T01,308.063667,37.637472,G08_081T01_9000002350,EXO 2030+375,sxt
2018-09-10,4:06:12,T02_087_T01,274.005787,-14.036283,T02_087T01_9000002352,GX 17+2,laxpc2
2018-09-11,10:40:04,T02_100_T01,248.506708,-47.393000,T02_100T01_9000002354,4u1630-472,laxpc1
2018-09-11,17:33:38,T02_104_T01,356.770150,51.704970,T02_104T01_9000002356,1ES2344+514,laxpc1
2018-09-12,2:00:12,G08_046_T09,237.370539,47.104903,G08_046T09_9000002358,Sky-9_75_50,laxpc1
2018-09-12,13:20:00,T02_090_T01,83.633083,22.014494,T02_090T01_9000002360,Crab,sxt
2018-09-12,23:50:00,G08_046_T09,237.370539,47.104903,G08_046T09_9000002362,Sky-9_75_50,laxpc1
2018-09-13,8:10:26,T02_090_T01,83.633083,22.014494,T02_090T01_9000002364,Crab,sxt
2018-09-13,23:24:16,C03_015_T03,12.080000,85.223917,C03_015T03_9000002366,NGC 188,uvit1
2018-09-14,3:51:22,T02_091_T01,83.633083,22.014494,T02_091T01_9000002368,Crab,laxpc2
2018-09-15,6:03:32,G08_012_T01,23.461667,30.726667,G08_012T01_9000002370,M33,uvit2
2018-09-17,3:19:24,T02_101_T01,248.506708,-47.393000,T02_101T01_9000002372,4u1630-472,laxpc1
2018-09-17,8:09:52,A04_230_T01,254.457542,35.342333,A04_230T01_9000002374,Her X-1,laxpc1
2018-09-18,13:50:00,T02_110_T01,248.811667,38.152500,T02_110T01_9000002376,4C +38.41,sxt
2018-09-19,19:50:00,A04_209_T01,24.173950,15.783660,A04_209T01_9000002378,NGC628,uvit1
2018-09-20,19:23:22,T02_094_T01,254.457546,35.342357,T02_094T01_9000002380,Hercules X-1,uvit1
2018-09-21,19:29:36,C03_015_T04,12.080000,85.223917,C03_015T04_9000002382,NGC 188,uvit1
2018-09-21,22:36:42,T02_092_T01,254.457542,35.342333,T02_092T01_9000002384,HER X-1,laxpc2
2018-09-23,0:42:06,T02_109_T01,57.604029,17.246509,T02_109T01_9000002386,V471 Tau,sxt
2018-09-27,15:14:28,T02_110_T01,248.811667,38.152500,T02_110T01_9000002388,4C +38.41,sxt
2018-09-28,0:50:00,T02_112_T01,267.601750,-29.037611,T02_112T01_9000002390,SAX 1750.8-2009,sxt
2018-10-01,3:23:04,A05_182_T02,26.012292,61.888972,A05_182T02_9000002392,NGC 654(2),uvit1
2018-10-01,9:57:14,A05_072_T05,294.998792,-30.964750,A05_072T05_9000002394,NGC 6809,uvit2
2018-10-02,10:37:50,A05_212_T08,332.880708,18.092833,A05_212T08_9000002396,BD+17 4708,uvit2
2018-10-02,12:34:50,A05_212_T09,340.611792,-50.066917,A05_212T09_9000002398,HE 2239-5019,uvit2
2018-10-02,14:26:10,A05_225_T04,39.960829,18.024280,A05_225T04_9000002400,NGC 1030,uvit1
2018-10-02,20:10:22,A05_101_T04,322.680792,-60.001830,A05_101T04_9000002402,IC 5110,uvit1
2018-10-02,21:55:34,A05_101_T04,322.680792,-60.001830,A05_101T04_9000002402,IC 5110,uvit1
2018-10-03,7:36:08,A05_034_T01,310.463163,-32.435230,A05_034T01_9000002404,AT Mic,sxt
2018-10-04,9:28:44,A05_096_T04,69.956833,-68.150389,A05_096T04_9000002406,RX J0439.8-6809,uvit1
2018-10-05,9:52:40,C04_007_T01,83.633208,22.014460,C04_007T01_9000002408,Crab,sxt
2018-10-05,16:21:26,A05_149_T04,316.757500,42.236111,A05_149T04_9000002410,NGC 7027,uvit1
2018-10-05,21:16:36,A05_101_T01,314.637079,-49.284720,A05_101T01_9000002412,ESO235-IG023,uvit1
2018-10-06,8:35:02,A05_069_T02,312.258667,30.404972,A05_069T02_9000002414,NGC 6960-IV,uvit1
2018-10-07,5:41:56,A05_069_T03,311.885958,30.741139,A05_069T03_9000002416,NGC 6960-V,uvit1
2018-10-07,20:33:42,A05_069_T04,312.426000,29.988861,A05_069T04_9000002418,NGC 6960-VI,uvit1
2018-10-08,18:59:24,A05_069_T05,312.791042,30.071333,A05_069T05_9000002420,NGC 6960-VII,uvit1
2018-10-09,16:18:54,A05_069_T02,312.258667,30.404972,A05_069T02_9000002422,NGC 6960-IV,uvit1
2018-10-10,14:51:20,A05_069_T01,312.881625,29.067722,A05_069T01_9000002424,Cygnus S-1,uvit1
2018-10-11,12:10:50,A05_069_T03,311.885958,30.741139,A05_069T03_9000002426,NGC 6960-V,uvit1
2018-10-12,10:41:42,A05_069_T04,312.426000,29.988861,A05_069T04_9000002428,NGC 6960-VI,uvit1
2018-10-13,8:04:16,C04_007_T04,284.148642,-37.910150,C04_007T04_9000002430,RX J1856.6-3754,sxt
2018-10-14,8:15:52,C04_007_T02,83.633208,22.014460,C04_007T02_9000002432,Crab,sxt
2018-10-14,11:45:14,C04_008_T01,83.428000,22.015000,C04_008T01_9000002434,Crab Offset,czt1
2018-10-15,7:04:08,A05_108_T01,359.253083,-34.680539,A05_108T01_9000002438,Abell4059,uvit1
2018-10-16,7:23:22,A05_174_T01,359.782958,-30.627969,A05_174T01_9000002440,1H 2354-315,sxt
2018-10-18,16:20:12,T03_018_T01,290.884121,-21.075930,T03_018T01_9000002442,PMN J1923-2104,sxt
2018-10-21,17:20:38,T03_020_T01,65.001675,-54.937938,T03_020T01_9000002444,NGC1566,sxt
2018-10-22,14:20:26,C04_001_T01,237.391917,70.348089,C04_001T01_9000002446,Blank Sky-8,laxpc1
2018-10-23,7:35:48,A05_064_T01,174.110000,70.157500,A05_064T01_9000002448,Mrk 180,sxt
2018-10-24,12:50:00,A05_064_T01,174.110000,70.157500,A05_064T01_9000002450,Mrk 180,sxt
2018-10-25,21:58:28,C04_007_T07,333.879167,-17.734722,C04_007T07_9000002452,XMMBlankF8,sxt
2018-10-26,12:23:00,A05_212_T01,2.469917,-18.270139,A05_212T01_9000002454,HE 0007-1832,uvit2
2018-10-26,14:00:28,A05_212_T01,2.469917,-18.270139,A05_212T01_9000002454,HE 0007-1832,uvit2
2018-10-26,14:34:56,A05_002_T09,63.938042,-55.592250,A05_002T09_9000002456,NGC 1549,uvit1
2018-10-26,14:46:02,A05_002_T09,63.938042,-55.592250,A05_002T09_9000002456,NGC 1549,uvit1
2018-10-26,16:12:24,A05_002_T09,63.938042,-55.592250,A05_002T09_9000002456,NGC 1549,uvit1
2018-10-26,17:42:02,A05_002_T07,64.476458,-55.932890,A05_002T07_9000002458,IC 2058,uvit1
2018-10-26,17:44:30,A05_002_T07,64.476458,-55.932890,A05_002T07_9000002458,IC 2058,uvit1
2018-10-26,19:19:28,A05_002_T07,64.476458,-55.932890,A05_002T07_9000002458,IC 2058,uvit1
2018-10-26,22:22:12,A05_002_T10,64.043629,-55.780140,A05_002T10_9000002460,NGC 1553,uvit1
2018-10-26,22:23:10,A05_002_T10,64.043629,-55.780140,A05_002T10_9000002460,NGC 1553,uvit1
2018-10-27,6:21:56,A05_078_T01,6.022329,-72.081444,A05_078T01_9000002462,47 Tuc,uvit1
2018-10-28,15:00:32,A05_104_T04,356.757079,29.471110,A05_104T04_9000002464,arp86,uvit1
2018-10-28,19:58:56,A05_101_T09,355.637292,-65.956500,A05_101T09_9000002466,NGC 7733,uvit1
2018-10-29,2:07:52,A05_225_T01,351.340621,28.495210,A05_225T01_9000002468,UGC 12591,uvit1
2018-10-29,5:39:56,A05_101_T07,24.356250,-64.896390,A05_101T07_9000002470,NGC 0646,uvit1
2018-10-29,10:16:04,A05_202_T01,58.239625,-68.521333,A05_202T01_9000002472,PKS 0352-686,sxt
2018-10-29,17:01:12,A05_225_T01,351.340621,28.495210,A05_225T01_9000002470,UGC 12591,uvit1
2018-10-29,20:04:36,T03_024_T01,83.633083,22.014500,T03_024T01_9000002472,Crab,czt1
2018-10-31,13:12:32,A05_059_T03,15.372500,-70.486583,A05_059T03_9000002474,SMC_Shell_3,uvit1
2018-10-31,16:05:52,A05_059_T04,16.168333,-71.225083,A05_059T04_9000002476,SMC_Shell_4,uvit1
2018-10-31,19:21:04,A05_059_T05,17.053750,-70.969139,A05_059T05_9000002478,SMC_Shell_5,uvit1
2018-11-01,0:50:00,A05_059_T07,18.268333,-71.038389,A05_059T07_9000002480,SMC_Shell_7,uvit1
2018-11-01,6:36:24,A05_101_T07,24.356250,-64.896390,A05_101T07_9000002482,NGC 0646,uvit1
2018-11-01,10:10:48,A05_202_T01,58.239625,-68.521333,A05_202T01_9000002484,PKS 0352-686,sxt
2018-11-03,0:41:24,T03_015_T01,100.564721,75.625730,T03_015T01_9000002486,UGCA130,uvit1
2018-11-03,10:31:42,A05_004_T05,9.808417,40.986900,A05_004T05_9000002488,M31 Field No. 17,uvit1
2018-11-04,7:35:52,A05_004_T02,9.993958,40.628717,A05_004T02_9000002490,M31 Field No. 14,uvit1
2018-11-05,0:22:18,A05_004_T07,10.193625,40.250211,A05_004T07_9000002492,M31 Field No. 19,uvit1
2018-11-05,19:31:16,A05_004_T04,10.510083,40.557781,A05_004T04_9000002494,M31 Field No. 16,uvit1
2018-11-06,16:44:46,A05_140_T01,135.528583,-40.554694,A05_140T01_9000002496,Vela X-1,laxpc1
2018-11-07,18:58:28,A05_056_T01,53.458333,-27.966667,A05_056T01_9000002498,CDFS03,uvit2
2018-11-10,3:50:00,T03_034_T01,160.990421,11.703810,T03_034T01_9000002500,NGC 3351,uvit1
2018-11-10,13:12:48,T03_034_T01,160.990421,11.703810,T03_034T01_9000002500,NGC 3351,uvit1
2018-11-10,19:53:24,A05_101_T05,341.835079,-65.058720,A05_101T05_9000002502,IC 5250,uvit1
2018-11-11,3:33:36,A05_074_T02,9.421279,-33.716331,A05_074T02_9000002504,Cartwheel,uvit1
2018-11-11,13:26:00,A05_004_T06,9.476917,40.683486,A05_004T06_9000002506,M31 Field No. 18,uvit1
2018-11-12,12:19:46,A05_004_T03,9.801542,40.288367,A05_004T03_9000002508,M31 Field No. 15,uvit1
2018-11-13,11:06:16,A05_096_T06,84.429171,-70.570830,A05_096T06_9000002510,RX J0537.7-7034,uvit1
2018-11-13,14:04:20,T03_030_T01,8.406667,28.739167,T03_030T01_9000002512,AGC 102983,uvit1
2018-11-14,17:39:28,T03_013_T01,147.376250,55.579720,T03_013T01_9000002514,Mrk22,uvit1
2018-11-15,11:57:28,A05_182_T03,335.029167,58.128056,A05_182T03_9000002516,NGC 7261,uvit1
2018-11-15,14:56:52,A05_206_T01,138.010125,-64.868400,A05_206T01_9000002518,MAXI J0911-655,laxpc1
2018-11-16,18:43:52,A05_188_T01,128.836062,-45.176432,A05_188T01_9000002520,Vela Pulsar,laxpc1
2018-11-18,0:50:50,T03_058_T01,12.913333,-72.284333,T03_058T01_9000002522,Swift J005139.2-721704,uvit1
2018-11-18,17:44:18,A05_143_T01,140.395800,-31.445000,A05_143T01_9000002524,4U 0923-31,sxt
2018-11-20,2:20:20,A05_225_T02,85.127083,69.378444,A05_225T02_9000002526,NGC 1961,uvit1
2018-11-20,8:37:46,A05_206_T01,138.010125,-64.868400,A05_206T01_9000002528,MAXI J0911-655,laxpc1
2018-11-21,12:12:00,T03_038_T01,237.391917,70.348089,T03_038T01_9000002530,Blank Sky-8,laxpc2
2018-11-22,20:59:40,T03_004_T01,350.049167,22.401944,T03_004T01_9000002532,AGC 334315 (originally T0,uvit1
2018-11-24,18:01:08,A05_004_T04,10.510083,40.557781,A05_004T04_9000002534,M31 Field No. 16,uvit1
2018-11-25,17:01:44,A05_004_T06,9.476917,40.683486,A05_004T06_9000002536,M31 Field No. 18,uvit1
2018-11-26,15:46:32,A05_004_T03,9.801542,40.288367,A05_004T03_9000002538,M31 Field No. 15,uvit1
2018-11-27,14:30:30,A05_056_T01,53.458333,-27.966667,A05_056T01_9000002540,CDFS03,uvit2
2018-11-29,0:20:00,C04_004_T01,304.924083,28.558800,C04_004T01_9000002542,SSM1_Crab,ssm
2018-11-29,11:02:16,A05_194_T03,7.487542,32.893678,A05_194T03_9000002544,MRK 950,uvit1
2018-11-30,0:20:00,T03_059_T01,53.123692,-27.735364,T03_059T01_9000002546,AUDISGOODSS,uvit1
2018-12-01,0:20:00,A05_185_T04,20.786033,34.346822,A05_185T04_9000002548,1es 0120+340,sxt
2018-12-05,9:50:00,T03_063_T01,178.342971,-11.086830,T03_063T01_9000002550,PKS J1153-1105,uvit1
2018-12-06,7:59:24,A05_185_T04,20.786033,34.346822,A05_185T04_9000002552,1es 0120+340,sxt
2018-12-07,3:04:58,T03_059_T01,53.123692,-27.735364,T03_059T01_9000002554,AUDISGOODSS,uvit1
2018-12-08,23:17:44,A05_010_T02,53.250000,-28.257778,A05_010T02_9000002556,DEVILS-CDFS2,uvit1
2018-12-11,9:55:16,A05_169_T01,94.092042,-21.372722,A05_169T01_9000002558,NGC 2207,uvit1
2018-12-12,18:13:48,A05_025_T16,102.247542,-36.005306,A05_025T16_9000002560,NGC 2298,uvit1
2018-12-13,0:54:16,A05_165_T12,119.924250,-38.732222,A05_165T12_9000002562,SWIFT J0759.8-3844,uvit1
2018-12-14,9:20:12,T03_032_T01,139.470458,-22.354670,T03_032T01_9000002564,NGC2835,uvit1
2018-12-14,14:01:02,A05_012_T02,147.177558,50.491980,A05_012T02_9000002566,Mrk 124,uvit2
2018-12-14,20:20:48,T03_033_T01,170.062350,12.991540,T03_033T01_9000002568,NGC 3627,uvit1
2018-12-15,9:38:32,A05_225_T02,85.127083,69.378444,A05_225T02_9000002570,NGC 1961,uvit1
2018-12-15,12:39:16,A05_074_T02,9.421279,-33.716331,A05_074T02_9000002572,Cartwheel,uvit1
2018-12-15,22:34:26,T03_030_T01,8.406667,28.739167,T03_030T01_9000002574,AGC 102983,uvit1
2018-12-17,10:10:20,A05_182_T03,335.029167,58.128056,A05_182T03_9000002576,NGC 7261,uvit1
2018-12-17,14:54:22,A05_198_T01,346.181158,-8.685730,A05_198T01_9000002578,MCG-2-58-22,sxt
2018-12-19,5:57:02,A05_068_T01,132.825000,11.800000,A05_068T01_9000002580,M67,uvit1
2018-12-19,20:50:48,T03_067_T01,186.656500,-62.770350,T03_067T01_9000002582,GX 301-2,laxpc2
2018-12-21,9:06:56,A05_196_T01,139.006208,-36.627056,A05_196T01_9000002584,NGC 2818,uvit1
2018-12-21,16:30:30,A05_198_T01,346.181158,-8.685730,A05_198T01_9000002586,MCG-2-58-22,sxt
2018-12-22,2:03:38,T03_051_T01,168.437083,-30.713333,T03_051T01_9000002588,HE 1111-3026,uvit1
2018-12-22,12:00:52,A05_149_T03,168.720000,55.033333,A05_149T03_9000002590,NGC 3587,uvit1
2018-12-22,16:57:08,A05_194_T05,192.063458,17.774011,A05_194T05_9000002592,SDSS J124815+174626,uvit1
2018-12-23,10:52:10,T03_068_T01,350.850000,58.815000,T03_068T01_9000002594,Cas A,sxt
2018-12-24,12:35:38,A05_140_T01,135.528583,-40.554694,A05_140T01_9000002596,Vela X-1,laxpc1
2018-12-25,11:26:25,A04_174_T01,83.633080,22.014500,Nil,Crab,czt1
2018-12-25,15:06:48,T03_013_T01,147.376250,55.579720,T03_013T01_9000002598,Mrk22,uvit1
2018-12-25,21:05:40,T03_066_T01,183.887208,36.283611,T03_066T01_9000002600,NGC 4228,uvit1
2018-12-27,10:34:30,A05_012_T02,147.177558,50.491980,A05_012T02_9000002602,Mrk 124,uvit2
2018-12-28,9:15:30,A05_056_T01,53.458333,-27.966667,A05_056T01_9000002604,CDFS03,uvit2
2018-12-30,16:45:20,T03_012_T01,149.386908,33.619730,T03_012T01_9000002606,IC2524,uvit1
2018-12-30,23:10:16,T03_027_T01,7.487542,32.893722,T03_027T01_9000002608,MRK 950,uvit1
2018-12-31,10:10:22,T03_071_T01,140.409708,33.360647,T03_071T01_9000002610,A779,uvit2
2019-01-01,7:17:21,A05_118_T02,160.879583,24.922222,A05_118T02_9000002612,NGC3344,uvit1
2019-01-03,8:12:11,A05_208_T01,196.059917,-10.339600,A05_208T01_9000002614,NGC 4939,uvit1
2019-01-04,15:11:47,T03_053_T01,172.200942,58.128331,T03_053T01_9000002616,SDSS J112848.22+580741.9,uvit1
2019-01-04,17:37:59,C04_009_T02,12.080000,85.223917,C04_009T02_9000002618,NGC 188,uvit1
2019-01-04,19:22:59,T03_050_T01,153.722833,-15.931444,T03_050T01_9000002620,HE 1012-1540,
2019-01-04,21:00:04,T03_050_T01,153.722833,-15.931444,T03_050T01_9000002620,HE 1012-1540,uvit1
2019-01-04,22:15:45,T03_052_T01,171.114658,36.841338,T03_052T01_9000002622,BPS BS 16545-0089,uvit1
2019-01-04,23:21:39,T03_052_T01,171.114658,36.841338,T03_052T01_9000002622,BPS BS 16545-0089,uvit1
2019-01-05,2:40:52,A05_186_T02,149.191917,28.828800,A05_186T02_9000002624,DDO 68,uvit1
2019-01-05,16:56:15,A05_084_T06,53.819121,-35.226250,A05_084T06_9000002626,NGC 1374,uvit1
2019-01-05,20:25:10,T03_040_T01,192.270833,43.095000,T03_040T01_9000002628,KISSR1381,uvit1
2019-01-06,19:07:58,T03_042_T01,208.258333,42.970556,T03_042T01_9000002630,KISSR1667/1671*,uvit1
2019-01-08,10:03:29,T03_070_T01,51.171250,34.179444,T03_070T01_9000002632,1h0323+342_1,uvit1
2019-01-08,13:14:50,T03_070_T02,51.038458,34.069372,T03_070T02_9000002634,1h0323+342_2,uvit1
2019-01-08,16:30:05,T03_070_T03,51.304208,34.179372,T03_070T03_9000002636,1h0323+342_3,uvit1
2019-01-08,19:44:55,T03_070_T04,51.038292,34.179372,T03_070T04_9000002638,1h0323+342_4,uvit1
2019-01-09,0:53:17,T03_070_T05,51.304375,34.289372,T03_070T05_9000002640,1h0323+342_5,uvit1
2019-01-09,8:43:21,T03_070_T06,51.038125,34.289372,T03_070T06_9000002642,1h0323+342_6,uvit1
2019-01-09,13:30:35,T03_070_T07,51.171250,34.069444,T03_070T07_9000002644,1h0323+342_7,uvit1
2019-01-09,18:22:55,T03_070_T08,51.171250,34.289444,T03_070T08_9000002646,1h0323+342_8,uvit1
2019-01-10,1:08:21,T03_070_T09,51.304042,34.069372,T03_070T09_9000002648,1h0323+342_9,uvit1
2019-01-10,7:22:50,A05_015_T01,166.113750,38.208889,A05_015T01_9000002650,Mkn 421,sxt
2019-01-14,18:54:12,A05_025_T04,78.528167,-40.046556,A05_025T04_9000002652,NGC 1851,uvit1
2019-01-15,4:13:11,T03_061_T01,86.757871,-34.250610,T03_061T01_9000002654,ngc2090,uvit1
2019-01-15,12:39:49,A05_101_T06,18.593871,-55.398710,A05_101T06_9000002656,NGC 0454,uvit1
2019-01-15,18:49:57,A05_085_T01,90.199767,-39.918583,A05_085T01_9000002658,JW108,uvit1
2019-01-17,18:07:43,T03_075_T01,185.341421,30.176975,T03_075T01_9000002660,1ES 1218+304,sxt
2019-01-19,7:37:32,A05_109_T01,169.227500,18.051667,A05_109T01_9000002662,NGC3607,uvit1
2019-01-19,17:20:35,C04_011_T01,25.369750,83.583028,C04_011T01_9000002664,GD419,uvit1
2019-01-19,20:26:43,A05_227_T07,74.692750,29.843583,A05_227T07_9000002666,HD 31648,uvit1
2019-01-19,23:46:11,A05_096_T06,84.429171,-70.570830,A05_096T06_9000002668,RX J0537.7-7034,uvit1
2019-01-20,20:39:32,T03_025_T01,148.888221,69.065290,T03_025T01_9000002670,M81,uvit1
2019-01-23,8:55:44,A05_019_T01,51.171250,34.179444,A05_019T01_9000002672,1H 0323+342,sxt
2019-01-24,15:33:25,C04_009_T03,12.080000,85.223917,C04_009T03_9000002674,NGC 188,uvit1
2019-01-24,18:18:25,A05_108_T02,194.268000,-30.375053,A05_108T02_9000002676,Abell3530,uvit1
2019-01-26,6:43:43,A05_159_T01,83.633083,22.014500,A05_159T01_9000002678,Crab,czt1
2019-01-29,1:20:00,A05_101_T02,52.669958,-50.309610,A05_101T02_9000002680,NGC1356,uvit1
2019-01-29,7:45:04,A06_003_T04,36.820329,33.579170,A06_003T04_9000002682,NGC 0925,uvit1
2019-01-31,0:50:00,A06_006_T01,53.123708,-27.735364,A06_006T01_9000002684,AUDFLs,uvit1
2019-02-01,0:50:00,T03_080_T01,237.391917,70.348089,T03_080T01_9000002686,Blank Sky-8,laxpc1
2019-02-01,20:59:41,A05_019_T01,51.171250,34.179444,A05_019T01_9000002688,1H 0323+342,sxt
2019-02-03,12:42:30,A05_097_T01,211.823000,6.446000,A05_097T01_9000002690,SGW_d_01,uvit1
2019-02-03,19:20:40,A05_186_T01,106.558500,30.233444,A05_186T01_9000002692,UGC 3672,uvit1
2019-02-04,11:45:45,A05_084_T04,51.571879,-21.335220,A05_084T04_9000002694,NGC 1332,uvit1
2019-02-04,14:46:08,T03_035_T01,188.584621,8.197750,T03_035T01_9000002696,NGC 4535,uvit1
2019-02-04,19:35:20,A05_082_T08,188.465050,19.886600,A05_082T08_9000002698,SDSS J123351.61+195311.8,uvit1
2019-02-05,8:32:06,A05_103_T01,181.039125,20.347806,A05_103T01_9000002700,NGC 4066,uvit1
2019-02-05,15:04:45,A05_194_T05,192.063458,17.774011,A05_194T05_9000002702,SDSS J124815+174626,uvit1
2019-02-05,20:07:13,T03_014_T01,217.045250,13.551580,T03_014T01_9000002704,UGC9273,uvit1
2019-02-06,12:24:00,A05_176_T05,214.584258,7.592529,A05_176T05_9000002706,NGC5546offset,uvit1
2019-02-06,15:39:30,A05_063_T02,175.712375,20.442181,A05_063T02_9000002708,A1367b,uvit2
2019-02-07,10:57:18,A05_160_T02,186.226250,21.382278,A05_160T02_9000002710,PKS 1222+216,sxt
2019-02-08,19:14:12,T03_003_T01,186.668708,19.754389,T03_003T01_9000002712,AGC 229361 (original T02),uvit1
2019-02-09,21:35:30,C04_009_T03,12.080000,85.223917,C04_009T03_9000002714,NGC 188,uvit1
2019-02-10,5:25:27,C04_001_T01,237.391917,70.348089,C04_001T01_9000002716,Blank Sky-8,laxpc1
2019-02-11,6:20:00,A05_019_T01,51.171250,34.179444,A05_019T01_9000002718,1H 0323+342,sxt
2019-02-13,9:55:04,A06_006_T01,53.123708,-27.735364,A06_006T01_9000002720,AUDFLs,uvit1
2019-02-19,21:50:00,T03_083_T01,207.053042,-63.274111,T03_083T01_9000002722,MAXI J1348-630,laxpc1
2019-02-20,1:20:00,A06_006_T01,53.123708,-27.735364,A06_006T01_9000002724,AUDFLs,uvit1
2019-02-21,11:00:22,A05_094_T01,118.855400,39.186150,A05_094T01_9000002726,mrk 382,uvit1
2019-02-22,11:48:37,T03_083_T01,207.053042,-63.274111,T03_083T01_9000002728,MAXI J1348-630,laxpc1
2019-02-22,21:14:41,A05_227_T06,54.752333,29.696000,A05_227T06_9000002730,V1185 Tau,uvit1
2019-02-23,5:16:18,A05_199_T01,180.790058,44.531330,A05_199T01_9000002732,NGC 4051,uvit1
2019-02-26,0:37:15,A05_144_T02,100.729750,55.474233,A05_144T02_9000002734,SU Lyn,uvit1
2019-02-26,14:26:46,A05_072_T02,198.230417,18.169167,A05_072T02_9000002736,NGC 5024,uvit2
2019-02-27,9:58:45,A05_082_T12,216.845142,20.097040,A05_082T12_9000002738,SDSS J142722.83+200549.4,uvit1
2019-02-27,16:30:11,A05_075_T09,230.412500,29.125000,A05_075T09_9000002740,KISSR692/698*,uvit2
2019-02-28,9:02:23,T03_083_T01,207.053042,-63.274111,T03_083T01_9000002742,MAXI J1348-630,laxpc1
2019-02-28,18:41:12,A05_075_T08,225.537500,29.746111,A05_075T08_9000002744,KISSR615,uvit2
2019-03-01,10:58:59,A05_212_T07,208.457083,-17.610556,A05_212T07_9000002746,HE 1351-1721,uvit2
2019-03-01,17:34:08,A05_187_T03,128.127208,15.823942,A05_187T03_9000002748,FR Cnc,sxt
2019-03-03,6:26:18,A05_103_T02,115.603750,-14.591806,A05_103T02_9000002750,OH 231.8 +4.2,uvit1
2019-03-03,12:55:22,A05_104_T02,122.811250,25.193060,A05_104T02_9000002752,arp82,uvit1
2019-03-03,18:03:12,A05_082_T12,216.845142,20.097040,A05_082T12_9000002754,SDSS J142722.83+200549.4,uvit1
2019-03-04,1:11:40,A05_188_T01,128.836062,-45.176432,A05_188T01_9000002756,Vela Pulsar,laxpc1
2019-03-05,7:15:15,A05_167_T01,237.321667,21.828333,A05_167T01_9000002758,HCG77,uvit1
2019-03-05,22:10:02,A05_075_T07,219.620833,33.335278,A05_075T07_9000002760,KISSR2407,uvit2
2019-03-06,10:58:14,A05_072_T02,198.230417,18.169167,A05_072T02_9000002762,NGC 5024,uvit2
2019-03-07,3:04:42,A05_075_T05,218.475000,42.653611,A05_075T05_9000002764,KISSR1814*,uvit2
2019-03-07,11:26:16,A05_075_T06,216.637500,43.854167,A05_075T06_9000002766,KISSR1786,uvit2
2019-03-07,17:54:54,A05_075_T01,188.933333,42.856667,A05_075T01_9000002768,KISSR1347*,uvit2
2019-03-07,22:45:12,A05_104_T03,209.649171,37.438890,A05_104T03_9000002770,arp84,uvit1
2019-03-08,8:21:26,A05_083_T01,205.546779,28.375450,A05_083T01_9000002772,M3,uvit1
2019-03-08,14:48:22,A05_082_T10,204.159779,20.542480,A05_082T10_9000002774,SDSS J133638.35+203232.9,uvit1
2019-03-08,19:53:01,A05_212_T06,196.470083,-38.516667,A05_212T06_9000002776,HD 113679,uvit2
2019-03-08,22:06:01,A05_176_T03,194.300865,28.492366,A05_176T03_9000002778,NGC4841Aoffset,uvit1
2019-03-09,10:23:10,A05_118_T04,183.913333,36.326944,A05_118T04_9000002782,NGC4214,uvit1
2019-03-09,16:47:17,C04_001_T01,237.391917,70.348089,C04_001T01_9000002784,Blank Sky-8,laxpc1
2019-03-10,15:20:00,A06_003_T01,187.046258,44.093630,A06_003T01_9000002786,NGC 4449,uvit1
2019-03-11,15:50:31,A06_005_T01,154.403417,-46.412472,A06_005T01_9000002788,NGC 3201,uvit1
2019-03-11,20:48:37,A06_005_T01,154.403417,-46.412472,A06_005T01_9000002788,NGC 3201,uvit1
2019-03-12,16:19:10,T03_091_T01,135.528583,-40.554692,T03_091T01_9000002790,Vela X1,laxpc2
2019-03-13,6:23:17,A05_226_T06,154.102150,37.912770,A05_226T06_9000002792,KUG1013+381,uvit1
2019-03-13,13:16:42,A05_072_T04,250.445208,36.543611,A05_072T04_9000002794,NGC 6205,uvit2
2019-03-14,13:45:59,A05_165_T07,203.974167,-34.295494,A05_165T07_9000002796,SWIFT J1335.8-3416,uvit1
2019-03-15,14:24:03,T03_091_T01,135.528583,-40.554692,T03_091T01_9000002798,Vela X1,laxpc2
2019-03-16,3:25:05,A05_226_T06,154.102150,37.912770,A05_226T06_9000002800,KUG1013+381,uvit1
2019-03-16,11:15:23,A05_072_T04,250.445208,36.543611,A05_072T04_9000002802,NGC 6205,uvit2
2019-03-17,11:40:00,A05_156_T01,212.633917,39.819878,A05_156T01_9000002804,Target 1,uvit1
2019-03-18,12:06:34,A05_115_T03,195.040167,27.213750,A05_115T03_9000002806,Coma1,uvit1
2019-03-19,7:27:29,A05_088_T03,240.181667,31.170750,A05_088T03_9000002808,GC50+48,uvit1
2019-03-19,20:33:44,A05_024_T01,212.280829,-45.287810,A05_024T01_9000002810,V834 Cen,sxt
2019-03-21,16:13:34,A05_173_T01,288.799121,10.946020,A05_173T01_9000002812,GRS 1915+105,laxpc1
2019-03-24,1:01:22,A05_194_T13,152.388083,23.382167,A05_194T13_9000002814,SDSS J100933+232255,uvit1
2019-03-24,11:09:12,T03_094_T01,292.065042,19.555978,T03_094T01_9000002816,WR 125,sxt
2019-03-26,11:53:57,A06_003_T07,170.261979,53.169570,A06_003T07_9000002818,NGC 3631,uvit1
2019-03-27,23:26:53,A05_163_T01,265.990969,19.585838,A05_163T01_9000002820,1ES 1741+196,sxt
2019-03-30,18:13:10,T03_090_T01,105.048125,-66.040028,T03_090T01_9000002822,AT2019ahk,uvit1
2019-03-31,11:37:29,A05_205_T01,255.203683,-41.655961,A05_205T01_9000002824,OAO 1657-415,laxpc1
2019-04-01,22:18:32,A05_166_T04,254.757000,-15.257981,A05_166T04_9000002826,MAXI J1659-152,laxpc1
2019-04-02,17:25:32,A05_132_T01,267.383083,-28.134944,A05_132T01_9000002828,Swift J1749.4-2807,laxpc1
2019-04-03,18:02:22,A06_003_T05,143.042121,21.500830,A06_003T05_9000002830,NGC 2903,uvit1
2019-04-05,13:44:26,A05_022_T03,160.990421,11.703810,A05_022T03_9000002832,NGC 3351,uvit2
2019-04-05,18:17:23,A05_046_T01,262.082921,-14.265560,A05_046T01_9000002834,PDS 456,sxt
2019-04-10,1:50:00,T03_098_T01,314.698071,41.776994,T03_098T01_9000002836,GRO J2058+42,laxpc2
2019-04-11,15:54:46,A05_046_T01,262.082921,-14.265560,A05_046T01_9000002838,PDS 456,sxt
2019-04-18,1:34:46,A05_063_T03,247.462667,39.766528,A05_063T03_9000002840,UGC10420,uvit2
2019-04-18,15:17:43,A05_075_T10,235.879167,44.052500,A05_075T10_9000002842,KISSR2010,uvit2
2019-04-18,18:41:12,A05_007_T06,252.320833,59.919167,A05_007T06_9000002844,draco_f1,uvit1
2019-04-19,10:52:55,C04_001_T01,237.391917,70.348089,C04_001T01_9000002846,Sky-8,laxpc1
2019-04-20,14:11:39,A05_115_T01,194.498792,27.995972,A05_115T01_9000002848,Coma6,uvit1
2019-04-21,9:57:20,A05_088_T02,249.432875,29.727694,A05_088T02_9000002850,GC50+48,uvit1
2019-04-21,21:04:44,A05_107_T01,253.467571,39.760169,A05_107T01_9000002852,Mrk 501,sxt
2019-04-23,4:12:39,T03_099_T03,105.048083,-66.040028,T03_099T03_9000002854,AT2019ahk,uvit1
2019-04-23,20:26:11,A05_204_T01,166.113808,38.208830,A05_204T01_9000002856,Mrk421,sxt
2019-04-28,7:26:31,A05_025_T17,246.608292,-72.268861,A05_025T17_9000002858,NGC 6101,uvit1
2019-04-28,12:45:26,A05_104_T05,233.738558,23.503140,A05_104T05_9000002860,arp2020,uvit1
2019-04-28,17:36:12,A05_227_T03,195.839542,-62.223944,A05_227T03_9000002862,PDS 361S,uvit1
2019-04-28,19:32:21,A05_226_T06,154.102150,37.912770,A05_226T06_9000002864,KUG1013+381,uvit1
2019-04-29,7:41:35,C04_009_T04,12.080000,85.223917,C04_009T04_9000002866,NGC 188,uvit1
2019-04-29,11:09:26,A05_025_T17,246.608292,-72.268861,A05_025T17_9000002868,NGC 6101,uvit1
2019-04-29,16:16:15,A05_104_T05,233.738558,23.503140,A05_104T05_9000002870,arp220,uvit1
2019-04-29,21:15:17,A05_227_T03,195.839542,-62.223944,A05_227T03_9000002872,PDS 361S,uvit1
2019-04-29,22:55:39,A05_208_T03,192.721500,41.120200,A05_208T03_9000002874,NGC 4736,uvit1
2019-04-30,17:58:24,T03_105_T01,308.107417,40.957750,T03_105T01_9000002876,Cyg X-3,sxt
2019-05-01,1:00:15,A05_104_T06,180.472079,-18.876940,A05_104T06_9000002878,arp244,uvit1
2019-05-01,10:27:50,T03_028_T01,309.788250,-30.755583,T03_028T01_9000002880,2MASX J20390918-3045201,uvit1
2019-05-01,16:55:48,A06_009_T02,251.448750,-45.611111,A06_009T02_9000002882,GX 340+0,laxpc2
2019-05-01,19:57:30,A05_226_T09,179.366800,-19.624060,A05_226T09_9000002884,ISZ59,uvit1
2019-05-02,7:21:25,A05_212_T09,340.611792,-50.066917,A05_212T09_9000002886,2239-5019,uvit2
2019-05-02,12:28:36,A05_221_T01,270.384579,-20.528890,A05_221T01_9000002888,GX 9+1,sxt
2019-05-04,11:14:54,A05_229_T02,262.991671,-33.835280,A05_229T02_9000002890,4U 1728-34,laxpc1
2019-05-06,20:35:41,A05_062_T01,264.742921,-44.450000,A05_062T01_9000002892,4U 1735-44,laxpc1
2019-05-07,12:37:43,A05_175_T01,220.530833,35.439722,A05_175T01_9000002894,Mkn 478,sxt
2019-05-08,19:25:01,T03_112_T01,207.053500,-63.274611,T03_112T01_9000002896,MAXI J1348-630,laxpc1
2019-05-09,5:31:01,T03_108_T01,275.091167,7.185639,T03_108T01_9000002898,MAXI J1820+070,uvit2
2019-05-09,16:18:07,T03_056_T01,332.880729,18.092822,T03_056T01_9000002900,BD+17 4708,uvit1
2019-05-09,19:06:26,A05_101_T05,341.835079,-65.058720,A05_101T05_9000002902,IC 5250,uvit1
2019-05-10,1:36:12,A05_142_T01,275.091417,7.185300,A05_142T01_9000002904,MAXI J1820+070,laxpc1
2019-05-10,19:49:13,A05_115_T02,194.285917,28.362417,A05_115T02_9000002906,Coma3,uvit1
2019-05-11,17:09:31,T03_005_T01,185.062500,25.500000,T03_005T01_9000002908,AGC 229101 (originally T0),uvit1
2019-05-12,17:20:25,A05_104_T08,189.136292,11.258000,A05_104T08_9000002910,ngc4567,uvit1
2019-05-12,23:19:24,T03_037_T01,287.442079,-63.857530,T03_037T01_9000002912,NGC 6744,uvit1
2019-05-15,2:05:17,T03_116_T01,288.798125,10.945767,T03_116T01_9000002916,GRS 1915+105,sxt
2019-05-16,7:38:35,A05_012_T01,141.513721,12.734340,A05_012T01_9000002918,Mrk 705,uvit2
2019-05-16,15:49:14,A05_101_T03,310.307792,-38.193420,A05_101T03_9000002920,ESO341-IG004,uvit1
2019-05-16,20:20:46,A05_101_T08,305.749021,-44.271530,A05_101T08_9000002922,NGC 6902A,uvit1
2019-05-17,7:40:31,A05_101_T10,304.238750,-70.758330,A05_101T10_9000002924,VV 297,uvit1
2019-05-17,11:25:04,A06_003_T02,186.453592,33.546930,A06_003T02_9000002926,NGC 4395,uvit1
2019-05-18,0:32:50,T03_005_T01,185.062500,25.500000,T03_005T01_9000002928,AGC 229101 (originally T0),uvit1
2019-05-19,0:52:20,T03_037_T01,287.442079,-63.857530,T03_037T01_9000002930,NGC 6744,uvit1
2019-05-19,10:02:45,A05_025_T18,274.656667,-52.215778,A05_025T18_9000002932,NGC 6584,uvit1
2019-05-19,15:10:06,A05_212_T08,332.880708,18.092833,A05_212T08_9000002934,BD+17 4708,uvit2
2019-05-19,18:23:16,A05_221_T01,270.384579,-20.528890,A05_221T01_9000002936,GX 9+1,sxt
2019-05-20,5:34:51,A05_101_T05,341.835079,-65.058720,A05_101T05_9000002938,IC 5250,uvit1
2019-05-20,11:02:01,A05_075_T03,197.175000,44.098333,A05_075T03_9000002940,KISSR1462,uvit2
2019-05-20,15:13:52,A05_176_T04,211.180108,54.892630,A05_176T04_9000002942,NGC5473,uvit1
2019-05-20,18:37:35,A05_013_T01,201.245833,-43.126111,A05_013T01_9000002944,CenA south middle lobe,uvit1
2019-05-23,12:02:51,C04_009_T05,12.080000,85.223917,C04_009T05_9000002946,NGC 188,uvit1
2019-05-23,13:52:25,C04_001_T01,237.391917,70.348089,C04_001T01_9000002948,Blank Sky-8,laxpc1
2019-06-21,15:58:03,C04_001_T01,237.391917,70.348089,C04_001T01_9000002994,Blank Sky-8,laxpc1
2019-06-23,16:13:38,A06_005_T02,236.512500,-37.786417,A06_005T02_9000002996,NGC 5986,uvit1
2019-06-26,1:57:25,T03_123_T01,288.798121,10.945766,T03_123T01_9000003000,V1487 Aql,sxt
2019-06-27,6:10:29,A05_117_T01,329.716938,-30.225588,A05_117T01_9000003002,PKS 2155-304,sxt
2019-06-28,1:06:08,A05_175_T01,220.530833,35.439722,A05_175T01_9000003004,Mkn 478,sxt
2019-06-29,0:53:40,A06_009_T02,251.448750,-45.611111,A06_009T02_9000003006,GX 340+0,laxpc2
2019-06-29,6:32:17,A05_174_T01,359.782958,-30.627969,A05_174T01_9000003008,1H 2354-315,sxt
2019-07-03,2:15:05,A05_163_T01,265.990969,19.585838,A05_163T01_9000003010,1ES 1741+196,sxt
2019-07-04,20:23:31,A05_205_T01,255.203683,-41.655961,A05_205T01_9000003012,OAO 1657-415,laxpc1
2019-07-06,12:59:25,A05_198_T01,346.181158,-8.685730,A05_198T01_9000003014,MCG-2-58-22,sxt
2019-07-07,14:51:35,A05_140_T01,135.528583,-40.554694,A05_140T01_9000003016,Vela X-1,laxpc1
2019-07-08,16:26:13,A05_188_T01,128.836062,-45.176432,A05_188T01_9000003018,Vela Pulsar,laxpc1
2019-07-10,2:53:22,C04_009_T06,12.080000,85.223917,C04_009T06_9000003020,NGC 188,uvit1
2019-07-10,7:33:40,A05_160_T02,186.226250,21.382278,A05_160T02_9000003022,PKS 1222+216,sxt
2019-07-11,3:20:46,A05_198_T01,346.181158,-8.685730,A05_198T01_9000003024,MCG-2-58-22,sxt
2019-07-12,2:17:27,A05_208_T03,192.721500,41.120200,A05_208T03_9000003026,NGC 4736,uvit1
2019-07-13,8:37:48,A05_176_T03,194.300865,28.492366,A05_176T03_9000003028,NGC4841Aoffset,uvit1
2019-07-13,13:20:49,A05_115_T01,194.498792,27.995972,A05_115T01_9000003030,Coma6,uvit1
2019-07-14,22:00:16,A05_115_T03,195.040167,27.213750,A05_115T03_9000003032,Coma1,uvit1
2019-07-16,11:17:37,A05_176_T04,211.180108,54.892630,A05_176T04_9000003034,NGC5473,uvit1
2019-07-16,14:43:48,A05_022_T08,199.728371,-21.039110,A05_022T08_9000003036,NGC 5068,uvit2
2019-07-17,3:46:09,A05_069_T02,312.258667,30.404972,A05_069T02_9000003038,NGC 6960-IV,uvit1
2019-07-17,16:53:18,A05_072_T04,250.445208,36.543611,A05_072T04_9000003040,NGC 6205,uvit2
2019-07-18,11:57:48,A05_088_T03,240.181667,31.170750,A05_088T03_9000003042,GC50+48,uvit1
2019-07-19,4:28:55,A06_009_T02,251.448750,-45.611111,A06_009T02_9000003044,GX 340+0,laxpc2
2019-07-19,7:44:32,A06_003_T04,36.820329,33.579170,A06_003T04_9000003046,NGC 0925,uvit1
2019-07-21,21:47:03,A06_005_T02,236.512500,-37.786417,A06_005T02_9000003048,NGC 5986,uvit1
2019-07-22,20:18:57,A05_007_T06,252.320833,59.919167,A05_007T06_9000003050,draco_f1,uvit1
2019-07-23,15:34:03,A05_103_T05,244.289708,-51.882556,A05_103T05_9000003052,PN Mz 3,uvit1
2019-07-23,22:15:57,A05_082_T09,194.421042,20.396610,A05_082T09_9000003054,SDSS J125741.05+202347.8,uvit1
2019-07-24,14:17:11,A05_103_T06,258.385917,-37.023333,A05_103T06_9000003056,NGC 6302,uvit1
2019-07-24,19:19:49,A05_022_T09,287.442079,-63.857530,A05_022T09_9000003058,NGC 6744,uvit2
2019-07-25,3:08:48,A05_229_T02,262.991671,-33.835280,A05_229T02_9000003060,4U 1728-34,laxpc1
2019-07-27,8:55:19,A05_165_T07,203.974167,-34.295494,A05_165T07_9000003062,SWIFT J1335.8-3416,uvit1
2019-07-29,16:08:02,A06_002_T02,326.171475,38.321407,A06_002T02_9000003064,Cyg X-2,laxpc2
2019-07-30,0:38:42,A05_063_T03,247.462667,39.766528,A05_063T03_9000003066,UGC10420,uvit2
2019-07-30,19:47:30,A05_101_T10,304.238750,-70.758330,A05_101T10_9000003068,VV 297,uvit1
2019-07-31,1:17:12,A05_013_T01,201.245833,-43.126111,A05_013T01_9000003070,CenA south middle lobe,uvit1
2019-08-06,0:55:21,C04_001_T01,237.391917,70.348089,C04_001T01_9000003074,Blank Sky-8,laxpc1
2019-08-06,21:39:35,A06_009_T02,251.448750,-45.611111,A06_009T02_9000003076,GX 340+0,laxpc2
2019-08-07,1:43:22,A05_160_T01,338.139167,11.720278,A05_160T01_9000003078,CTA 102,sxt
2019-08-08,13:25:31,A06_002_T03,256.563808,-43.035747,A06_002T03_9000003080,4U 1702-429,laxpc2
2019-08-10,20:17:58,C04_001_T01,237.391917,70.348089,C04_001T01_9000003082,Blank Sky-8,laxpc1
2019-08-12,1:18:38,A05_025_T17,246.608292,-72.268861,A05_025T17_9000003084,NGC 6101,uvit1
2019-08-12,13:03:01,A05_227_T03,195.839542,-62.223944,A05_227T03_9000003086,PDS 361S,uvit1
2019-08-12,17:50:44,A05_088_T05,216.000333,31.568361,A05_088T05_9000003088,GC50+69,uvit1
2019-08-14,1:11:45,T03_131_T01,272.114750,-36.978972,T03_131T01_9000003090,SAX J1808-3658,laxpc2
2019-08-15,10:45:49,T03_133_T01,288.717000,17.367000,T03_133T01_9000003092,Unknown,laxpc2
2019-08-15,23:12:11,A05_072_T04,250.445208,36.543611,A05_072T04_9000003094,NGC 6205,uvit2
2019-08-17,6:40:58,A05_025_T18,274.656667,-52.215778,A05_025T18_9000003096,NGC 6584,uvit1
2019-08-17,11:43:03,A06_009_T03,270.290542,-25.078925,A06_009T03_9000003098,GX 5-1,laxpc2
2019-08-17,14:47:28,A05_225_T02,85.127083,69.378444,A05_225T02_9000003100,NGC 1961,uvit1
2019-08-17,20:05:30,A05_101_T08,305.749021,-44.271530,A05_101T08_9000003102,NGC 6902A,uvit1
2019-08-18,1:07:36,A05_075_T06,216.637500,43.854167,A05_075T06_9000003104,KISSR1786,uvit2
2019-08-18,19:51:39,A05_088_T02,249.432875,29.727694,A05_088T02_9000003106,GC50+40,uvit1
2019-08-19,18:44:41,A05_104_T04,356.757079,29.471110,A05_104T04_9000003108,arp86,uvit1
2019-08-20,6:06:21,A05_025_T04,78.528167,-40.046556,A05_025T04_9000003110,NGC 1851,uvit1
2019-08-20,19:26:55,A05_101_T03,310.307792,-38.193420,A05_101T03_9000003112,ESO341-IG004,uvit1
2019-08-21,2:00:07,A05_155_T04,220.108829,33.989110,A05_155T04_9000003114,ngc5727,uvit1
2019-08-21,15:58:16,A05_075_T05,218.475000,42.653611,A05_075T05_9000003116,KISSR1814*,uvit2
2019-08-22,14:46:30,A05_163_T01,265.990969,19.585838,A05_163T01_9000003118,1ES 1741+196,sxt
2019-08-24,16:59:07,A05_104_T05,233.738558,23.503140,A05_104T05_9000003120,arp220,uvit1
2019-08-25,9:25:49,A06_009_T03,270.290542,-25.078925,A06_009T03_9000003122,GX 5-1,laxpc2
2019-08-26,0:53:20,T03_136_T01,272.114750,-36.978972,T03_136T01_9000003124,SAX J1808.4-3658,laxpc2
2019-08-27,8:27:47,C04_001_T01,237.391917,70.348089,C04_001T01_9000003126,Blank Sky-8,laxpc1
2019-08-28,9:00:54,A06_009_T03,270.290542,-25.078925,A06_009T03_9000003128,GX 5-1,laxpc2
2019-08-28,11:52:35,A06_009_T02,251.448750,-45.611111,A06_009T02_9000003130,GX 340+0,laxpc2
2019-08-28,15:05:23,A05_062_T01,264.742921,-44.450000,A05_062T01_9000003132,4U 1735-44,laxpc1
2019-08-29,5:54:29,A06_002_T01,262.990542,-33.834028,A06_002T01_9000003134,4U 1728-34,laxpc2
2019-08-31,10:04:10,A06_005_T05,284.888125,-36.631417,A06_005T05_9000003136,NGC 6723,uvit1
2019-09-01,7:11:34,A05_062_T02,274.005787,-14.036283,A05_062T02_9000003138,GX 17+2,laxpc1
2019-09-01,18:27:42,A05_037_T01,295.669067,-10.323750,A05_037T01_9000003140,NGC 6814,sxt
2019-09-05,1:03:56,T03_140_T01,277.680367,-24.019153,T03_140T01_9000003142,V3890 Sgr,sxt
2019-09-06,20:28:22,A05_037_T01,295.669067,-10.323750,A05_037T01_9000003144,NGC 6814,sxt
2019-09-08,4:41:22,A05_108_T01,359.253083,-34.680539,A05_108T01_9000003146,Abell4059,uvit1
2019-09-09,3:37:32,A05_226_T05,100.564721,75.625730,A05_226T05_9000003148,UGCA130,uvit1
2019-09-09,11:39:01,A05_041_T01,8.406667,28.739167,A05_041T01_9000003150,AGC 102983,uvit1
2019-09-10,12:21:26,A06_009_T02,251.448750,-45.611111,A06_009T02_9000003152,GX 340+0,laxpc2
2019-09-10,15:09:33,A06_009_T05,256.435375,-36.423069,A06_009T05_9000003154,GX 349+2,laxpc2
2019-09-11,0:56:19,C04_001_T01,237.391917,70.348089,C04_001T01_9000003156,Blank Sky-8,laxpc1
2019-09-12,7:55:49,C04_010_T01,58.841625,9.788333,C04_010T01_9000003158,HZ4,uvit1
2019-09-12,17:56:07,T03_140_T01,277.680367,-24.019153,T03_140T01_9000003160,V3890 Sgr,sxt
2019-09-17,1:37:03,A06_005_T09,325.092167,-23.179861,A06_005T09_9000003168,NGC 7099,uvit1
2019-09-17,20:55:52,A06_009_T02,251.448750,-45.611111,A06_009T02_9000003170,GX 340+0,laxpc2
2019-09-18,1:12:45,T03_138_T02,340.537375,29.615300,T03_138T02_9000003172,Akn564_2,uvit1
2019-09-18,3:28:01,T03_141_T01,284.146292,-37.908472,T03_141T01_9000003174,RXJ1856.6-3754,sxt
2019-09-20,20:28:46,A05_144_T02,100.729750,55.474233,A05_144T02_9000003176,SU Lyn,uvit1
2019-09-22,1:13:22,T03_138_T03,340.790583,29.725300,T03_138T03_9000003178,Akn564_3,uvit1
2019-09-22,6:17:39,T03_138_T04,340.537250,29.725300,T03_138T04_9000003180,Akn564_4,uvit1
2019-09-22,8:16:02,T03_138_T05,340.790708,29.835300,T03_138T05_9000003182,Akn564_5,uvit1
2019-09-22,10:00:59,T03_138_T06,340.537083,29.835300,T03_138T06_9000003184,Akn564_6,uvit1
2019-09-22,11:45:54,T03_138_T07,340.663917,29.615361,T03_138T07_9000003186,Akn564_7,uvit1
2019-09-22,13:24:16,T03_138_T08,340.663917,29.835361,T03_138T08_9000003188,Akn564_8,uvit1
2019-09-22,15:02:34,T03_138_T09,340.790417,29.615300,T03_138T09_9000003190,Akn564_9,uvit1
2019-09-22,16:55:40,A05_166_T01,255.705667,-48.789667,A05_166T01_9000003192,GX339-4,laxpc1
2019-09-23,13:23:11,A06_009_T02,251.448750,-45.611111,A06_009T02_9000003194,GX 340+0,laxpc2
2019-09-23,19:06:01,A06_009_T05,256.435375,-36.423069,A06_009T05_9000003196,GX 349+2,laxpc2
2019-09-24,2:05:15,A06_009_T03,270.290542,-25.078925,A06_009T03_9000003198,GX 5-1,laxpc2
2019-09-24,5:41:36,A05_155_T02,86.757871,-34.250610,A05_155T02_9000003200,NGC2090,uvit3
2019-09-24,19:03:13,A05_182_T02,26.012292,61.888972,A05_182T02_9000003202,NGC 654(2),uvit1
2019-09-25,1:21:45,A05_094_T01,118.855400,39.186150,A05_094T01_9000003204,mrk 382,uvit1
2019-09-28,10:43:36,A06_002_T02,326.171475,38.321407,A06_002T02_9000003206,Cyg X-2,laxpc2
2019-10-01,1:12:04,T03_143_T01,264.974792,-28.496333,T03_143T01_9000003208,XTE J1739-285,laxpc2
2019-10-02,4:45:57,A07_006_T04,7.262750,59.571944,A07_006T04_9000003210,IGR J00291+5934,laxpc1
2019-10-02,20:19:39,A07_039_T02,31.792958,-74.117500,A07_039T02_9000003212,MBfield3,uvit1
2019-10-03,12:13:57,A07_039_T03,30.309042,-74.164333,A07_039T03_9000003214,MBfield4,uvit1
2019-10-03,23:30:44,A07_039_T01,33.286375,-74.170172,A07_039T01_9000003216,MBfield2,uvit1
2019-10-04,14:33:39,A07_059_T01,25.582042,51.575472,A07_059T01_9000003218,NGC 650,uvit1
2019-10-04,19:18:18,A07_010_T04,62.223958,-55.989560,A07_010T04_9000003220,IC 2038,uvit1
2019-10-05,8:04:29,A07_027_T16,347.447000,-43.427900,A07_027T16_9000003222,NGC7496,uvit1
2019-10-05,11:37:41,A07_005_T01,120.004167,-10.770000,A07_005T01_9000003224,NGC 2506,uvit1
2019-10-10,11:08:58,A07_004_T01,272.114750,-36.978972,A07_004T01_9000003230,SAX J1808.4-3658,sxt
2019-10-13,18:50:22,A07_118_T01,296.254167,-14.815278,A07_118T01_9000003232,NGC6822,uvit1
2019-10-15,5:06:21,A07_041_T01,302.355792,-48.831583,A07_041T01_9000003234,PKS 2005-489,sxt
2019-10-16,8:32:54,A07_010_T05,62.466000,-56.118440,A07_010T05_9000003236,NGC1533,uvit1
2019-10-16,15:12:07,A07_010_T06,62.749421,-56.480440,A07_010T06_9000003238,NGC 1536,uvit1
2019-10-16,21:51:30,A07_010_T11,63.652250,-56.060806,A07_010T11_9000003240,NGC 1546,uvit1
2019-10-17,9:18:58,A07_100_T03,93.901250,71.037500,A07_100T03_9000003242,Mrk 3,sxt
2019-10-19,9:38:08,A07_007_T02,11.363333,41.883025,A07_007T02_9000003244,M31 Field No. 8,uvit1
2019-10-20,18:12:41,A07_130_T01,9.260667,39.972361,A07_130T01_9000003246,M31-I,uvit1
2019-10-21,13:35:25,A07_094_T01,352.967412,19.937264,A07_094T01_9000003248,EQ Peg,sxt
2019-10-23,6:13:49,A07_153_T02,67.000000,-47.912750,A07_153T02_9000003250,ESO,sxt
2019-10-24,16:40:18,A07_059_T05,323.284612,39.635978,A07_059T05_9000003252,PN Hu1-2,uvit1
2019-10-25,3:41:30,A07_091_T07,117.086125,47.203953,A07_091T07_9000003254,SDSSJ074820+471214,uvit1
2019-10-25,15:25:33,A07_134_T01,337.759125,-20.797992,A07_134T01_9000003256,NGC 7293,uvit1
2019-10-26,8:48:05,A07_027_T02,353.614500,-36.101100,A07_027T02_9000003258,IC5332,uvit1
2019-10-26,12:29:29,A07_047_T09,19.255417,-71.733639,A07_047T09_9000003260,SMC_Shell_9,uvit1
2019-10-26,15:29:23,A07_047_T08,18.796250,-71.365500,A07_047T08_9000003262,SMC_Shell_8,uvit1
2019-10-26,18:46:43,A07_167_T01,81.707967,-66.095275,A07_167T01_9000003264,N49 N49B,uvit1
2019-10-27,12:44:24,A07_149_T01,49.566667,-66.498333,A07_149T01_9000003266,NGC 1313,uvit1
2019-10-29,0:45:23,T03_146_T01,292.482931,18.310618,T03_146T01_9000003272,IGR J19294+1816,laxpc1
2019-10-29,18:01:15,A07_007_T05,11.037000,41.557347,A07_007T05_9000003274,M31 Field No. 2,uvit1
2019-10-30,10:33:29,A07_007_T04,10.710708,41.250228,A07_007T04_9000003276,M31 Field No. 1,uvit1
2019-11-01,0:44:52,T03_145_T01,351.350779,-38.446997,T03_145T01_9000003278,IRAS 23226-3843,sxt
2019-11-03,18:30:05,A07_007_T03,11.719583,42.203444,A07_007T03_9000003280,M31 Field No. 9,uvit1
2019-11-04,12:20:32,A07_134_T02,112.261250,13.246778,A07_134T02_9000003282,PN A66 21,uvit1
2019-11-04,20:32:36,A07_065_T01,147.593333,31.487778,A07_065T01_9000003284,UGC 5272,uvit1
2019-11-06,13:08:40,A07_054_T01,124.870750,70.705360,A07_054T01_9000003286,Holmber II X-1,uvit1
2019-11-07,21:36:33,A07_018_T02,312.122167,29.723278,A07_018T02_9000003288,Cygnus S-III,uvit1
2019-11-08,2:20:17,T03_147_T01,99.098292,-42.867806,T03_147T01_9000003290,MAXI J0637-430,laxpc2
2019-11-09,3:33:52,A07_018_T02,312.122167,29.723278,A07_018T02_9000003292,Cygnus S-III,uvit1
2019-11-09,12:10:38,A07_018_T07,313.131833,29.681722,A07_018T07_9000003294,Cygnus S-VIII,uvit1
2019-11-10,19:10:05,A07_018_T08,312.583250,29.697583,A07_018T08_9000003296,Cygnus S-IX,uvit1
2019-11-12,11:37:52,A07_049_T01,331.968305,31.359346,A07_049T01_9000003298,NGC7217,uvit1
2019-11-13,9:11:00,A07_047_T09,19.255417,-71.733639,A07_047T09_9000003300,SMC_Shell_9,uvit1
2019-11-13,12:06:21,A07_047_T08,18.796250,-71.365500,A07_047T08_9000003302,SMC_Shell_8,uvit1
2019-11-13,15:22:48,A07_149_T01,49.566667,-66.498333,A07_149T01_9000003304,NGC 1313,uvit1
2019-11-15,1:47:06,T03_147_T01,99.098292,-42.867806,T03_147T01_9000003306,MAXI J0637-430,laxpc2
2019-11-19,17:36:44,T03_156_T01,11.370000,41.902806,T03_156T01_9000003312,M31N 2008-12a,uvit1
2019-11-20,8:39:34,T03_149_T01,99.098292,-42.867806,T03_149T01_9000003314,MAXIJ0637-430_1,uvit1
2019-11-20,10:11:25,T03_149_T02,98.947958,-42.977708,T03_149T02_9000003316,MAXIJ0637-430_2,uvit1
2019-11-20,11:56:29,T03_149_T03,99.248375,-42.867708,T03_149T03_9000003318,MAXIJ0637-430_3,uvit1
2019-11-20,14:01:18,A07_007_T03,11.719583,42.203444,A07_007T03_9000003320,M31 Field No. 9,uvit1
2019-11-20,23:20:19,T03_149_T04,98.948208,-42.867708,T03_149T04_9000003322,MAXIJ0637-430_4,uvit1
2019-11-21,1:06:34,T03_149_T05,99.248125,-42.757708,T03_149T05_9000003324,MAXIJ0637-430_5,uvit1
2019-11-21,5:02:42,T03_149_T06,98.948458,-42.757708,T03_149T06_9000003326,MAXIJ0637-430_6,uvit1
2019-11-21,6:45:04,T03_159_T01,99.098292,-42.867806,T03_159T01_9000003328,MAXI J0637-430,sxt
2019-11-21,23:35:05,A07_056_T01,237.391917,70.348089,A07_056T01_9000003330,Blank Sky-8,laxpc2
2019-11-23,4:59:40,T03_149_T07,99.098292,-42.977806,T03_149T07_9000003332,MAXIJ0637-430_7,uvit1
2019-11-23,6:06:33,T03_149_T08,99.098292,-42.757806,T03_149T08_9000003334,MAXIJ0637-430_8,uvit1
2019-11-23,7:27:39,T03_149_T09,99.248625,-42.977708,T03_149T09_9000003336,MAXIJ0637-430_9,uvit1
2019-11-23,9:16:43,A07_065_T01,147.593333,31.487778,A07_065T01_9000003338,UGC 5272,uvit1
2019-11-24,2:25:24,A07_144_T02,183.479583,22.800000,A07_144T02_9000003340,Blank Sky,czt1
2019-11-26,20:21:48,A08_003_T01,186.356325,16.470006,A08_003T01_9000003342,VCC801,uvit1
2019-11-28,8:11:23,A07_049_T01,331.968305,31.359346,A07_049T01_9000003344,NGC7217,uvit1
2019-11-29,5:00:34,A07_148_T05,174.121250,21.596390,A07_148T05_9000003346,ngc 3758,uvit1
2019-11-30,20:05:48,A07_054_T01,124.870750,70.705360,A07_054T01_9000003348,Holmber II X-1,uvit1
2019-12-01,18:41:10,C05_013_T01,12.080000,85.223917,C05_013T01_9000003350,NGC 188,uvit1
2019-12-01,21:30:04,C05_002_T01,203.654167,37.912222,C05_002T01_9000003352,XRBBlankF1T1,sxt
2019-12-02,2:28:25,C05_001_T01,16.005000,-72.031200,C05_001T01_9000003354,1E0102-72.3,sxt
2019-12-02,20:44:45,C05_006_T01,311.799708,22.026000,C05_006T01_9000003356,SSM1CrabDec2019,ssm
2019-12-03,10:40:16,A07_049_T01,331.968305,31.359346,A07_049T01_9000003358,NGC7217,uvit1
2019-12-04,9:55:33,A07_112_T01,182.323750,29.927500,A07_112T01_9000003360,NGC4136,uvit1
2019-12-05,15:32:20,A08_007_T01,161.264733,-59.684459,A08_007T01_9000003362,eta carina,sxt
2019-12-13,13:25:06,C05_013_T02,12.080000,85.223917,C05_013T02_9000003364,NGC 188,uvit1
2019-12-13,15:50:34,C05_001_T01,16.005000,-72.031200,C05_001T01_9000003366,1E0102-72.3,sxt
2019-12-14,13:40:57,T03_168_T01,32.393904,-74.453283,T03_168T01_9000003368,RX J0209.6-7427,sxt
2019-12-16,11:33:11,A07_054_T01,124.870750,70.705360,A07_054T01_9000003370,Holmber II X-1,uvit1
2019-12-17,13:11:31,C05_012_T02,237.391917,70.348089,C05_012T02_9000003372,Blank Sky-8,laxpc2
2019-12-18,21:09:00,C05_001_T01,16.005000,-72.031200,C05_001T01_9000003374,1E0102-72.3,sxt
2019-12-19,20:23:48,C05_013_T03,12.080000,85.223917,C05_013T03_9000003376,NGC 188,uvit1
2019-12-19,23:12:20,A07_054_T01,124.870750,70.705360,A07_054T01_9000003378,Holmber II X-1,uvit1
2019-12-21,8:00:04,A07_049_T01,331.968305,31.359346,A07_049T01_9000003380,NGC7217,uvit1
2019-12-22,0:41:04,A08_009_T01,189.212500,62.294075,A08_009T01_9000003382,GOODS-North,uvit1
2019-12-24,11:10:53,A07_047_T08,18.796250,-71.365500,A07_047T08_9000003384,SMC_Shell_8,uvit1
2019-12-24,13:48:57,A07_047_T09,19.255417,-71.733639,A07_047T09_9000003386,SMC_Shell_9,uvit1
2019-12-24,17:05:57,T03_170_T01,32.692502,-51.017192,T03_170T01_9000003388,PKS 0208-512,uvit1
2019-12-25,16:21:33,A08_009_T01,189.212500,62.294075,A08_009T01_9000003390,GOODS-North,uvit1
2019-12-27,15:12:05,A07_062_T01,29.420833,37.785000,A07_062T01_9000003392,NGC 752,uvit1
2019-12-28,10:44:02,A07_091_T04,197.079667,43.757111,A07_091T04_9000003394,SDSSJ130819+434525,uvit1
2019-12-28,20:32:34,A07_047_T09,19.255417,-71.733639,A07_047T09_9000003396,SMC_Shell_9,uvit1
2019-12-29,6:02:54,C05_013_T01,12.080000,85.223917,C05_013T01_9000003398,NGC 188,uvit1
2019-12-29,9:21:48,A08_004_T03,4.958022,21.947824,A08_004T03_9000003400,RX J0019.8+2156,sxt
2020-01-02,0:37:08,A07_054_T01,124.870750,70.705360,A07_054T01_9000003406,Holmber II X-1,uvit1
2020-01-02,23:10:25,A07_049_T01,331.968305,31.359346,A07_049T01_9000003408,NGC7217,uvit1
2020-01-05,19:47:15,A07_138_T05,216.239708,24.254950,A07_138T05_9000003410,J142457.53+241517.82,uvit1
2020-01-06,9:03:53,A07_138_T03,182.348458,62.165544,A07_138T03_9000003412,J120923.63+620955.96,uvit1
2020-01-06,13:56:04,A08_008_T01,84.911788,-69.743204,A08_008T01_9000003414,LMC X-1,sxt
2020-01-07,15:40:05,T03_173_T01,162.115083,71.726639,T03_173T01_9000003416,S5 1044+71,sxt
2020-01-08,20:42:16,C05_002_T03,203.654167,37.912222,C05_002T03_9000003418,XRBBlankF1T3,sxt
2020-01-08,23:25:03,T03_175_T01,215.626583,32.386200,T03_175T01_9000003420,OQ 334,sxt
2020-01-09,0:35:16,A08_009_T01,189.212500,62.294075,A08_009T01_9000003422,GOODS-North,uvit1
2020-01-10,7:02:42,A07_148_T05,174.121250,21.596390,A07_148T05_9000003424,ngc 3758,uvit1
2020-01-11,1:36:53,A08_003_T05,185.728883,15.822304,A08_003T05_9000003426,VCC596,uvit1
2020-01-11,15:34:32,T03_175_T01,215.626583,32.386200,T03_175T01_9000003428,OQ 334,sxt
2020-01-12,20:53:45,A08_008_T02,84.734579,-64.084168,A08_008T02_9000003430,LMC X-3,sxt
2020-01-13,21:25:37,C05_002_T02,203.654167,37.912222,C05_002T02_9000003432,XRBBlankF1T2,sxt
2020-01-14,1:10:00,A08_009_T01,189.212500,62.294075,A08_009T01_9000003434,GOODS-North,uvit1
2020-01-15,2:49:34,A08_004_T02,69.956833,-68.150389,A08_004T02_9000003436,RX J0439.8-6809,sxt
2020-01-15,13:31:32,A08_004_T03,4.958022,21.947824,A08_004T03_9000003438,RX J0019.8+2156,sxt
2020-01-17,9:22:11,C05_005_T01,163.183333,57.483056,C05_005T01_9000003440,XMMBLANKF3,sxt
2020-01-18,4:46:17,C05_012_T03,237.391917,70.348089,C05_012T03_9000003442,Blank Sky-8,laxpc2
2020-01-21,12:48:37,C05_002_T03,203.654167,37.912222,C05_002T03_9000003448,XRBBlankF1T3,sxt
2020-01-21,15:42:03,A07_135_T02,245.731375,15.769710,A07_135T02_9000003450,dg_02,uvit1
2020-01-22,23:00:04,A07_135_T01,162.418733,9.006449,A07_135T01_9000003452,dg_01,uvit1
2020-01-23,11:44:11,C05_002_T04,203.654167,37.912222,C05_002T04_9000003454,XRBlankF1T4,sxt
2020-01-23,13:29:33,A07_138_T06,217.629958,52.707178,A07_138T06_9000003456,J143031.19+524225.84,uvit1
2020-01-23,19:45:19,A07_138_T09,251.978750,44.562514,A07_138T09_9000003458,J164754.90+443345.05,uvit1
2020-01-25,15:55:48,A07_127_T02,9.016667,23.957778,A07_127T02_9000003460,NGC 160,uvit1
2020-01-27,11:25:32,A07_138_T04,201.768167,48.326756,A07_138T04_9000003462,J132704.36+481936.32,uvit1
2020-01-27,16:25:27,A07_138_T02,166.767375,45.822117,A07_138T02_9000003464,J110704.17+454919.62,uvit1
2020-01-27,22:50:49,A07_138_T01,165.638958,22.753811,A07_138T01_9000003466,J110233.35+224513.71,uvit1
2020-01-28,8:36:38,A07_127_T01,192.095417,8.487500,A07_127T01_9000003468,NGC 4698,uvit1
2020-01-28,21:34:11,A07_100_T02,213.291250,-65.339167,A07_100T02_9000003470,Circinus Galaxy,sxt
2020-01-30,13:23:46,C05_002_T05,203.654167,37.912222,C05_002T05_9000003472,XRBBlankF1T5,sxt
2020-01-30,15:03:49,A07_148_T02,203.669875,-23.445889,A07_148T02_9000003474,ESO 509-IG 066 NED 02,uvit1
2020-01-31,17:53:34,A07_100_T02,213.291250,-65.339167,A07_100T02_9000003476,Circinus Galaxy,sxt
2020-02-01,21:39:10,A07_112_T01,182.323750,29.927500,A07_112T01_9000003478,NGC4136,uvit1
2020-02-02,15:21:04,A07_112_T02,187.184167,43.224167,A07_112T02_9000003480,UGC7608,uvit1
2020-02-03,9:06:27,A07_011_T01,217.266667,52.870000,A07_011T01_9000003482,EGS,uvit1
2020-02-07,13:50:30,A07_024_T04,190.927625,16.393389,A07_024T04_9000003484,NGC 4651,uvit1
2020-02-07,17:19:17,A07_054_T01,124.870750,70.705360,A07_054T01_9000003486,Holmber II X-1,uvit1
2020-02-08,19:14:23,T03_178_T01,130.170042,-35.273667,T03_178T01_9000003488,Swift J0840.7-3516,laxpc2
2020-02-11,20:16:39,A07_091_T04,197.079667,43.757111,A07_091T04_9000003492,SDSSJ130819+434525,uvit1
2020-02-12,9:02:04,A07_160_T07,184.610500,29.812917,A07_160T07_9000003494,Mrk766,uvit1
2020-02-12,18:50:52,A08_004_T02,69.956833,-68.150389,A08_004T02_9000003496,RX J0439.8-6809,sxt
2020-02-13,11:18:20,A07_046_T01,199.112875,17.700250,A07_046T01_9000003498,NGC5053,uvit1
2020-02-13,22:28:50,C05_012_T03,237.391917,70.348089,C05_012T03_9000003500,Blank Sky-8,laxpc2
2020-02-15,6:55:16,C05_013_T02,12.080000,85.223917,C05_013T02_9000003502,NGC 188,uvit1
2020-02-15,8:59:48,A07_054_T01,124.870750,70.705360,A07_054T01_9000003504,Holmber II X-1,uvit1
2020-02-16,8:53:13,A07_027_T05,49.921000,-19.411200,A07_027T05_9000003506,NGC1300,uvit1
2020-02-16,16:45:45,A07_027_T06,54.368000,-24.501300,A07_027T06_9000003508,NGC1385,uvit1
2020-02-17,6:14:52,A07_027_T14,194.182083,21.682700,A07_027T14_9000003510,NGC4826,uvit1
2020-02-17,10:58:50,A07_027_T09,76.310208,-37.980800,A07_027T09_9000003512,NGC1792,uvit1
2020-02-17,15:45:33,A07_027_T08,64.399000,-62.783700,A07_027T08_9000003514,NGC1559,uvit1
2020-02-17,22:27:19,A08_009_T01,189.212500,62.294075,A08_009T01_9000003516,GOODS-North,uvit1
2020-02-18,22:50:20,C05_007_T01,214.773292,-14.012900,C05_007T01_9000003518,SSM1CrabMar2020,ssm
2020-02-19,14:48:32,A07_091_T10,204.404708,20.397694,A07_091T10_9000003520,SDSSJ133737+202351,uvit1
2020-02-19,19:38:15,C05_002_T06,203.654167,37.912222,C05_002T06_9000003522,XRBBlankF1T6,sxt
2020-02-19,22:19:04,T03_180_T01,264.974792,-28.496333,T03_180T01_9000003524,XTE J1739-285,laxpc2
2020-02-20,23:33:48,A07_113_T01,254.457542,35.342333,A07_113T01_9000003526,Her X-1,uvit1
2020-02-24,15:23:10,A07_027_T03,52.880792,-51.904900,A07_027T03_9000003528,IC1954,uvit1
2020-02-25,3:51:14,A07_001_T06,73.920833,-71.413333,A07_001T06_9000003530,LMCSouth_6,uvit1
2020-02-25,9:07:37,A07_091_T10,204.404708,20.397694,A07_091T10_9000003532,SDSSJ133737+202351,uvit1
2020-02-25,13:48:40,A07_149_T01,49.566667,-66.498333,A07_149T01_9000003534,NGC 1313,uvit1
2020-02-26,15:50:38,C05_002_T07,203.654167,37.912222,C05_002T07_9000003536,XRBBlankF1T7,sxt
2020-02-26,18:25:00,A07_001_T01,77.188208,-71.186444,A07_001T01_9000003538,LMCSouth_1,uvit1
2020-02-27,3:01:10,A07_142_T01,262.300000,-36.686667,A07_142T01_9000003540,G351.7-1.2,sxt
2020-03-04,1:31:35,A07_001_T02,77.281333,-71.503917,A07_001T02_9000003546,LMCSouth_2,uvit1
2020-03-04,8:15:56,A07_001_T03,76.061792,-71.756639,A07_001T03_9000003548,LMCSouth_3,uvit1
2020-03-04,11:44:31,A07_001_T05,78.333875,-72.078000,A07_001T05_9000003550,LMCSouth_5,uvit1
2020-03-04,14:54:36,A07_001_T04,77.119083,-71.897972,A07_001T04_9000003552,LMCSouth_4,uvit1
2020-03-04,18:26:03,A07_065_T01,147.593333,31.487778,A07_065T01_9000003554,UGC 5272,uvit1
2020-03-05,10:25:12,C05_002_T08,203.654167,37.912222,C05_002T08_9000003556,XRBBlankF1T8,sxt
2020-03-05,12:38:25,A07_165_T01,236.720000,-78.214194,A07_165T01_9000003558,Sunburst Arc,uvit1
2020-03-11,22:29:16,T03_182_T01,272.500000,-22.200000,T03_182T01_9000003560,MAXI J1810-222,laxpc2
2020-03-13,0:40:12,A07_027_T15,204.383583,8.885100,A07_027T15_9000003562,NGC5248,uvit1
2020-03-13,10:04:56,C05_012_T04,237.391917,70.348089,C05_012T04_9000003564,Blank Sky-8,laxpc2
2020-03-14,13:34:37,C05_002_T09,203.654167,37.912222,C05_002T09_9000003566,XRBBlankF1T9,sxt
2020-03-14,16:06:29,A07_134_T02,112.261250,13.246778,A07_134T02_9000003568,PN A66 21,uvit1
2020-03-14,23:31:46,A07_069_T01,132.825000,11.800000,A07_069T01_9000003570,M67,uvit1
2020-03-16,9:14:56,A07_047_T01,14.553333,-70.763278,A07_047T01_9000003572,SMC_Shell_1,uvit1
2020-03-16,14:15:06,A07_047_T02,14.948333,-71.120556,A07_047T02_9000003574,SMC_Shell_2,uvit1
2020-03-16,19:00:57,A07_047_T06,17.870417,-70.667889,A07_047T06_9000003576,SMC_Shell_6,uvit1
2020-03-17,8:18:32,A07_067_T01,239.790083,35.029878,A07_067T01_9000003578,Mrk 493,sxt
2020-03-19,23:39:04,A07_160_T05,141.303542,52.286222,A07_160T05_9000003580,Mrk110,uvit1
2020-03-20,15:57:35,A07_010_T12,66.908792,-55.027806,A07_010T12_9000003582,NGC 1596,uvit1
2020-03-21,12:57:47,A07_091_T05,167.167167,34.097842,A07_091T05_9000003584,SDSSJ110840+340552,uvit1
2020-03-21,18:04:33,A07_118_T01,296.254167,-14.815278,A07_118T01_9000003586,NGC6822,uvit1
2020-03-24,22:25:37,C05_007_T01,214.773292,-14.012900,C05_007T01_9000003588,SSM1CrabMar2020,ssm
2020-03-25,16:15:49,A07_047_T08,18.796250,-71.365500,A07_047T08_9000003590,SMC_Shell_8,uvit1
2020-03-26,8:11:20,A07_027_T10,137.583792,7.037900,A07_027T10_9000003592,NGC2775,uvit1
2020-03-26,13:04:46,A07_145_T01,253.467571,39.760169,A07_145T01_9000003594,Mrk 501,sxt
2020-03-31,18:37:00,A08_008_T01,84.911788,-69.743204,A08_008T01_9000003596,LMC X-1,sxt
2020-04-02,15:14:21,A07_001_T01,77.188208,-71.186444,A07_001T01_9000003598,LMCSouth_1,uvit1
2020-04-02,20:21:21,A07_001_T02,77.281333,-71.503917,A07_001T02_9000003600,LMCSouth_2,uvit1
2020-04-03,7:40:11,A07_001_T03,76.061792,-71.756639,A07_001T03_9000003602,LMCSouth_3,uvit1
2020-04-03,12:51:29,A07_054_T01,124.870750,70.705360,A07_054T01_9000003604,Holmber II X-1,uvit1
2020-04-04,11:55:36,T03_183_T01,190.709442,-63.058624,T03_183T01_9000003606,HD 110432,sxt
2020-04-12,12:15:48,T03_187_T01,13.639292,-73.683694,T03_187T01_9000003608,SMC X-2,laxpc2
2020-04-15,2:06:18,T03_188_T01,248.554583,-47.090306,T03_188T01_9000003612,4U 1630-472,laxpc2
2020-04-15,15:56:02,T03_189_T01,200.324221,42.587606,T03_189T01_9000003614,3C 285,uvit1
2020-04-18,2:03:51,C05_012_T06,237.391917,70.348089,C05_012T06_9000003616,Blank Sky-8,laxpc2
2020-04-19,9:01:00,T03_191_T01,80.116833,-71.964806,T03_191T01_9000003618,LMC X-2,sxt
2020-04-23,11:40:34,T03_194_T01,179.882500,29.245556,T03_194T01_9000003620,TON 0599,sxt
2020-04-25,15:44:10,A07_018_T08,312.583250,29.697583,A07_018T08_9000003622,Cygnus S-IX,uvit1
2020-04-26,22:48:46,A07_147_T01,190.990000,16.381667,A07_147T01_9000003624,3C 275.1,uvit1
2020-04-28,16:41:10,T03_197_T01,254.457542,35.342333,T03_197T01_9000003626,Hercules X-1,uvit1
2020-04-30,20:48:10,A07_045_T01,186.939974,13.008826,A07_045T01_9000003628,NGC 4438,uvit1
2020-05-01,14:25:16,A08_003_T02,188.332383,12.853547,A08_003T02_9000003630,VCC1499,uvit1
2020-05-01,22:47:02,A08_003_T03,186.860433,11.107662,A08_003T03_9000003632,VCC1003,uvit1
2020-05-02,13:21:33,A08_003_T04,184.706771,14.416489,A08_003T04_9000003634,VCC307,uvit1
2020-05-02,21:22:13,A08_003_T06,189.207567,13.162869,A08_003T06_9000003636,VCC1690,uvit1
2020-05-03,12:12:41,A08_003_T08,190.895833,13.126350,A08_003T08_9000003638,VCC1987,uvit1
2020-05-03,20:22:10,A07_027_T02,353.614500,-36.101100,A07_027T02_9000003640,IC5332,uvit1
2020-05-07,13:49:32,T03_205_T01,13.639292,-73.683694,T03_205T01_9000003652,SMC X-2,sxt
2020-05-08,20:32:55,T03_200_T01,166.697917,72.568611,T03_200T01_9000003654,NGC 3516,sxt
2020-05-11,8:10:13,A08_003_T17,187.737967,11.483531,A08_003T17_9000003656,VCC1326,uvit1
2020-05-11,16:22:18,A08_003_T18,190.355879,13.729414,A08_003T18_9000003658,VCC1878,uvit1
2020-05-12,7:04:12,C05_013_T04,12.080000,85.223917,C05_013T04_9000003660,NGC 188,uvit1
2020-05-12,9:32:06,A07_127_T03,341.515417,-11.001111,A07_127T03_9000003662,NGC 7371,uvit1
2020-05-13,17:44:40,A07_027_T12,190.986000,13.126400,A07_027T12_9000003664,NGC4654,uvit1
2020-05-13,22:19:26,A07_027_T16,347.447000,-43.427900,A07_027T16_9000003666,NGC7496,uvit1
2020-05-14,16:23:07,A07_027_T11,189.207583,13.162900,A07_027T11_9000003668,NGC4569,uvit1
2020-05-14,19:41:25,A07_134_T03,307.888333,-7.088333,A07_134T03_9000003670,PN A66 70,uvit1
2020-05-15,8:31:29,T03_206_T01,133.703625,20.108511,T03_206T01_9000003672,OJ 287,sxt
2020-05-20,3:22:23,C05_012_T06,237.391917,70.348089,C05_012T06_9000003674,Blank Sky-8,laxpc2
2020-05-21,11:42:41,A08_003_T16,188.173933,14.051614,A08_003T16_9000003676,VCC1450,uvit1
2020-05-21,20:29:54,A07_091_T03,325.733250,-30.132753,A07_091T03_9000003678,6dFGSgJ214256-300758,uvit1
2020-05-22,7:42:59,A07_018_T07,313.131833,29.681722,A07_018T07_9000003680,Cygnus S-VIII,uvit1
2020-05-23,4:30:12,A07_018_T09,311.704458,31.477833,A07_018T09_9000003682,NGC6960-VIII,uvit1
2020-05-23,21:00:20,A07_018_T02,312.122167,29.723278,A07_018T02_9000003684,Cygnus S-III,uvit1
2020-05-24,21:22:36,A07_171_T02,201.392000,-54.245314,A07_171T02_9000003686,DY Cen,uvit1
2020-05-27,2:21:36,A07_097_T01,345.815308,8.873689,A07_097T01_9000003692,NGC7469,sxt
2020-05-30,0:44:11,A09_027_T01,150.751458,68.824064,A09_027T01_9000003694,NGC3077,uvit1
2020-05-30,20:06:19,A09_027_T02,149.975792,68.638019,A09_027T02_9000003696,SES,uvit1
2020-05-31,20:15:47,C05_002_T10,203.654167,37.912222,C05_002T10_9000003698,XRBBlankF1T10,sxt
2020-05-31,22:06:15,A09_006_T01,211.108021,-17.227931,A09_006T01_9000003700,PN G326.7+42.2,uvit1
2020-06-01,9:42:48,A09_022_T01,219.750875,64.291661,A09_022T01_9000003702,EK Draconis,sxt
2020-06-03,8:31:58,A07_059_T07,305.036500,16.731664,A07_059T07_9000003704,IC 4997,uvit1
2020-06-03,14:58:24,A09_059_T01,214.766667,52.870000,A09_059T01_9000003706,EGS,uvit1
2020-06-06,8:11:22,A09_061_T02,204.896083,-67.381044,A09_061T02_9000003708,PN MyCn18,uvit1
2020-06-06,16:15:06,A09_104_T01,305.378054,40.446122,A09_104T01_9000003710,PSR J2021+4026,laxpc2
2020-06-07,22:01:28,A09_057_T04,348.702083,-43.599944,A09_057T04_9000003712,NGC 7531,uvit1
2020-06-09,15:53:46,A09_047_T01,139.006208,-36.627056,A09_047T01_9000003714,NGC 2818,uvit1
2020-06-11,16:02:50,A09_085_T02,129.312500,-29.955000,A09_085T02_9000003716,NGC 2627,uvit1
2020-06-14,9:14:09,C05_012_T07,237.391917,70.348089,C05_012T07_9000003718,Blank Sky-8,laxpc2
2020-06-16,8:11:20,A07_147_T01,190.990000,16.381667,A07_147T01_9000003722,3C 275.1,uvit1
2020-06-18,16:55:20,A09_008_T05,226.005004,10.437820,A09_008T05_9000003724,Mrk 841,uvit1
2020-06-19,20:50:10,A09_043_T02,160.990417,11.703806,A09_043T02_9000003726,NGC 3351,uvit1
2020-06-22,11:54:59,A07_148_T02,203.669875,-23.445889,A07_148T02_9000003728,ESO 509-IG 066 NED 02,uvit1
2020-06-23,14:01:27,A09_081_T01,200.324221,42.587606,A09_081T01_9000003730,3C 285,uvit1
2020-06-24,0:47:53,A07_127_T03,341.515417,-11.001111,A07_127T03_9000003732,NGC 7371,uvit1
2020-06-24,19:22:04,A09_013_T02,241.887500,54.641944,A09_013T02_9000003734,P_02,uvit1
2020-06-26,12:12:04,A09_006_T05,178.253667,-42.234389,A09_006T05_9000003736,PN G291.4+19.2,uvit1
2020-06-26,18:11:35,A09_006_T04,158.742542,-29.094472,A09_006T04_9000003738,PN G270.1+24.8,uvit1
2020-06-27,0:38:42,A09_016_T03,209.223417,10.525225,A09_016T03_9000003740,J1356+1026,uvit1
2020-06-27,10:22:58,A09_016_T04,217.625000,13.653333,A09_016T04_9000003742,J1430+1339,uvit1
2020-06-27,13:43:34,A09_043_T01,204.253750,-29.865417,A09_043T01_9000003744,NGC 5236,uvit1
2020-06-28,15:46:21,A09_008_T03,214.843417,-26.644722,A09_008T03_9000003746,ESO 511-G030,uvit1
2020-06-29,23:02:50,A09_008_T06,14.972000,31.826909,A09_008T06_9000003748,Mrk 352,uvit1
2020-07-02,1:10:00,A09_033_T01,315.757692,-14.260025,A09_033T01_9000003750,PGC065981,uvit1
2020-07-03,2:15:57,A07_027_T11,189.207583,13.162900,A07_027T11_9000003752,NGC4569,uvit1
2020-07-03,9:44:31,A09_147_T01,351.200000,-40.660000,A09_147T01_9000003754,1ES 2322-409,sxt
2020-07-05,12:11:05,A07_068_T01,203.975000,-34.295556,A07_068T01_9000003756,meg-6-30-15,sxt
2020-07-14,1:35:03,T03_214_T01,243.179167,-52.423056,T03_214T01_9000003758,4U 1608-52,sxt
2020-07-15,10:22:05,A07_068_T01,203.975000,-34.295556,A07_068T01_9000003760,meg-6-30-15,sxt
2020-07-21,8:02:42,A09_033_T02,12.196421,31.956968,A09_033T02_9000003762,NGC262,uvit1
2020-07-22,16:25:06,A09_085_T03,33.679208,59.485000,A09_085T03_9000003764,Stock 2,uvit1
2020-07-23,15:08:40,A09_142_T01,210.190917,59.328700,A09_142T01_9000003766,MRK799,uvit1
2020-07-24,13:47:21,A09_113_T01,248.699583,-47.300000,A09_113T01_9000003768,4U 1630-472,laxpc2
2020-07-25,3:07:55,T03_218_T01,259.358333,51.216111,T03_218T01_9000003770,C/2017 K2,uvit1
2020-07-25,9:13:22,A09_126_T01,257.636042,-36.017147,A09_126T01_9000003772,IGR J17091-3624,laxpc2
2020-07-25,20:38:37,A09_018_T01,262.934042,-16.961361,A09_018T01_9000003774,GX 9+9,laxpc2
2020-07-31,19:43:42,A09_012_T01,37.158750,-73.874139,A09_012T01_9000003778,MB_tile_1,uvit1
2020-07-31,22:52:51,A09_012_T02,33.262500,-74.081028,A09_012T02_9000003780,MB_tile_2,uvit1
2020-08-01,8:19:13,A09_012_T03,29.504167,-74.237472,A09_012T03_9000003782,MB_tile_3,uvit1
2020-08-01,11:39:07,A09_012_T04,27.872083,-74.240472,A09_012T04_9000003784,MB_tile_4,uvit1
2020-08-01,15:04:29,C05_007_T01,214.773292,-14.012900,C05_007T01_9000003786,SSM1CrabMar2020,ssm
2020-08-02,13:27:30,C05_019_T04,237.391917,70.348089,C05_019T04_9000003788,Blank Sky-8,laxpc2
2020-08-04,1:20:42,A09_079_T03,52.800000,43.904278,A09_079T03_9000003790,GK Per,sxt
2020-08-07,23:22:58,A09_044_T01,257.226958,-44.102042,A09_044T01_9000003792,4U 1705-44,laxpc2
2020-08-08,12:24:17,A09_143_T03,45.414917,-8.112556,A09_143T03_9000003794,T03,uvit1
2020-08-09,8:09:44,A09_008_T02,66.503017,-57.200270,A09_008T02_9000003796,1H 0419-577,uvit1
2020-08-12,2:04:26,A09_038_T02,10.470600,-73.382918,A09_038T02_9000003798,SMC-02,uvit1
2020-08-12,5:47:13,A09_038_T03,10.841592,-73.030698,A09_038T03_9000003800,SMC-03,uvit1
2020-08-12,7:48:53,A09_038_T04,11.488700,-72.731306,A09_038T04_9000003802,SMC-04,uvit1
2020-08-12,9:50:54,A09_143_T05,238.818375,35.723514,A09_143T05_9000003804,T05,uvit1
2020-08-12,15:38:20,A09_143_T08,244.177667,20.955586,A09_143T08_9000003806,T08,uvit1
2020-08-12,17:39:16,A09_088_T01,48.067542,-55.216222,A09_088T01_9000003808,NGC 1261,uvit1
2020-08-14,21:32:02,A09_044_T02,274.005787,-14.036283,A09_044T02_9000003814,GX 17+2,laxpc2
2020-08-15,11:33:05,A09_127_T01,217.150500,46.120000,A09_127T01_9000003816,Fil_01,uvit1
2020-08-16,7:09:29,A09_127_T02,216.600000,46.800000,A09_127T02_9000003818,Fil_02,uvit1
2020-08-16,20:14:24,A09_127_T03,215.850000,46.100000,A09_127T03_9000003820,Fil_03,uvit1
2020-08-18,11:18:47,A09_056_T01,277.382421,48.746155,A09_056T01_9000003824,3C 380,uvit1
2020-08-19,20:05:49,A09_104_T02,273.349021,-12.766953,A09_104T02_9000003826,PSR J1813-1246,laxpc2
2020-08-21,5:53:50,A07_146_T01,57.346583,-11.990833,A07_146T01_9000003828,1ES 0347-121,uvit1
2020-08-21,13:58:53,A09_038_T05,12.114308,-72.429906,A09_038T05_9000003830,SMC-05,uvit1
2020-08-21,16:25:52,A09_038_T06,12.719367,-72.126596,A09_038T06_9000003832,SMC-06,uvit1
2020-08-21,23:33:53,A09_120_T02,83.633083,22.014500,A09_120T02_9000003834,Crab,laxpc1
2020-08-22,0:31:12,C05_017_T01,83.633083,22.014500,C05_017T01_9000003836,Crab,czt1
2020-08-23,9:15:30,C05_019_T04,237.391917,70.348089,C05_019T04_9000003838,Blank Sky-8,laxpc2
2020-08-24,15:30:23,A09_095_T02,80.116833,-71.964806,A09_095T02_9000003840,LMC X-2,sxt
2020-08-26,4:35:07,T03_220_T01,68.847000,55.376000,T03_220T01_9000003842,AT2019wey,laxpc2
2020-08-26,22:44:22,A09_038_T10,12.077850,-73.040920,A09_038T10_9000003844,SMC-10,uvit1
2020-08-27,1:42:53,A09_095_T02,80.116833,-71.964806,A09_095T02_9000003846,LMC X-2,sxt
2020-08-29,20:10:01,A09_145_T01,83.633083,22.014500,A09_145T01_9000003848,Crab,czt1
2020-09-06,0:34:46,T03_223_T01,51.171250,34.179444,T03_223T01_9000003850,1H 0323+34203,sxt
2020-09-08,20:45:40,A09_044_T02,274.005787,-14.036283,A09_044T02_9000003852,GX 17+2,laxpc2
2020-09-09,10:43:24,A09_145_T01,83.633083,22.014500,A09_145T01_9000003854,Crab,czt1
2020-09-09,16:25:39,A09_038_T08,10.757621,-73.641332,A09_038T08_9000003856,SMC-08,uvit1
2020-09-09,18:15:00,A09_038_T07,13.304800,-71.821469,A09_038T07_9000003858,SMC-07,uvit1
2020-09-09,19:59:55,A09_038_T09,11.429308,-73.342168,A09_038T09_9000003860,SMC-09,uvit1
2020-09-10,0:33:54,A07_027_T01,26.928500,-52.761900,A07_027T01_9000003862,NGC0685,uvit1
2020-09-10,9:51:11,A09_079_T01,85.889583,-68.373056,A09_079T01_9000003864,CAL83,sxt
2020-09-13,2:10:49,A09_145_T01,83.633083,22.014500,A09_145T01_9000003866,Crab,czt1
2020-09-14,18:40:59,T03_224_T01,284.146292,-37.908472,T03_224T01_9000003868,RX J1856.6-3754,sxt
2020-09-15,23:30:59,A09_145_T01,83.633083,22.014500,A09_145T01_9000003870,Crab,czt1
2020-09-16,4:11:00,T03_224_T01,284.146292,-37.908472,T03_224T01_9000003872,RX J1856.6-3754,sxt
2020-09-17,12:06:46,T03_230_T01,329.419500,-80.358000,T03_230T01_9000003874,FRB190711,uvit1
2020-09-17,15:39:00,A09_038_T10,12.077850,-73.040920,A09_038T10_9000003876,SMC-10,uvit1
2020-09-17,17:55:36,A09_038_T11,12.704317,-72.737694,A09_038T11_9000003878,SMC-11,uvit1
2020-09-17,19:23:56,A09_038_T12,13.309729,-72.432590,A09_038T12_9000003880,SMC-12,uvit1
2020-09-17,21:09:05,A09_038_T21,15.070171,-72.117741,A09_038T21_9000003882,SMC-21,uvit1
2020-09-17,22:37:38,A09_038_T17,12.688158,-73.348788,A09_038T17_9000003884,SMC-17,uvit1
2020-09-18,12:03:05,T03_232_T01,329.419500,-80.358000,T03_232T01_9000003886,FRB190711,uvit1
2020-09-18,15:02:38,A09_044_T01,257.226958,-44.102042,A09_044T01_9000003888,4U 1705-44,laxpc2
2020-09-19,5:56:07,A09_038_T18,13.315017,-73.043700,A09_038T18_9000003890,SMC-18,uvit1
2020-09-19,8:01:31,A09_038_T19,13.920304,-72.736767,A09_038T19_9000003892,SMC-19,uvit1
2020-09-19,12:03:07,T03_233_T01,329.419500,-80.358000,T03_233T01_9000003894,FRB190711,uvit1
2020-09-19,15:25:40,A09_134_T01,251.448750,-45.611111,A09_134T01_9000003896,GX 340+0,laxpc2
2020-09-22,8:42:27,C05_019_T03,237.391917,70.348089,C05_019T03_9000003898,Blank Sky-8,laxpc2
2020-09-23,12:29:21,A09_145_T01,83.633083,22.014500,A09_145T01_9000003900,Crab,czt1
2020-09-26,13:29:13,T03_241_T01,12.080000,85.223917,T03_241T01_9000003902,NGC 188,uvit1
2020-09-26,17:03:06,A09_120_T02,83.633083,22.014500,A09_120T02_9000003904,Crab,laxpc1
2020-09-30,7:09:17,T03_240_T01,12.080000,85.223917,T03_240T01_9000003906,NGC 188,uvit1
2020-09-30,9:12:49,T03_236_T01,51.171250,34.179444,T03_236T01_9000003908,1H 0323+34203,sxt
2020-10-01,1:16:47,T03_231_T01,288.798125,10.945767,T03_231T01_9000003910,GRS 1915+105,laxpc2
2020-10-02,13:32:02,T03_244_T01,308.063642,37.637456,T03_244T01_9000003912,EXO 2030+375,sxt
2020-10-05,1:37:26,T03_247_T01,12.080000,85.223917,T03_247T01_9000003914,NGC 188,uvit1
2020-10-05,7:29:44,T03_245_T01,264.495000,-37.772000,T03_245T01_9000003916,IGR J17379-3747,laxpc2
2020-10-07,1:05:46,T03_243_T01,295.669350,-10.323492,T03_243T01_9000003918,NGC 6814,sxt
2020-10-15,20:37:43,C05_013_T06,12.080000,85.223917,C05_013T06_9000003920,NGC 188,uvit1
2020-10-16,3:08:43,T03_255_T01,277.673792,-6.754861,T03_255T01_9000003922,SGR 1830-0645,laxpc2
2020-10-31,8:43:17,A09_038_T15,15.009021,-71.506913,A09_038T15_9000003936,SMC-15,uvit1
2020-10-31,10:31:18,A09_038_T16,12.038654,-73.651933,A09_038T16_9000003938,SMC-16,uvit1
2020-10-31,12:16:08,A09_038_T20,14.505033,-72.428086,A09_038T20_9000003940,SMC-20,uvit1
2020-10-31,14:00:57,A09_038_T22,15.616629,-71.805817,A09_038T22_9000003942,SMC-22,uvit1
2020-10-31,15:29:34,A09_038_T23,13.320704,-73.654816,A09_038T23_9000003944,SMC-23,uvit1
2020-10-31,17:14:17,A09_038_T25,14.552054,-73.039034,A09_038T25_9000003946,SMC-25,uvit1
2020-10-31,18:42:29,A09_038_T26,15.135671,-72.728528,A09_038T26_9000003948,SMC-26,uvit1
2020-10-31,19:54:09,A09_038_T27,15.699283,-72.416398,A09_038T27_9000003950,SMC-27,uvit1
2020-10-31,21:35:08,A09_038_T28,16.243854,-72.102726,A09_038T28_9000003952,SMC-28,uvit1
2020-10-31,23:20:08,A09_038_T29,16.770275,-71.787588,A09_038T29_9000003954,SMC-29,uvit1
2020-11-01,5:42:53,C05_019_T04,237.391917,70.348089,C05_019T04_9000003956,Blank Sky-8,laxpc2
2020-11-02,13:16:38,A09_038_T30,14.602604,-73.649978,A09_038T30_9000003958,SMC-30,uvit1
2020-11-02,14:41:29,A09_038_T31,15.205996,-73.339289,A09_038T31_9000003960,SMC-31,uvit1
2020-11-02,16:09:49,A09_038_T32,15.787917,-73.026929,A09_038T32_9000003962,SMC-32,uvit1
2020-11-02,17:55:09,A09_038_T14,14.461187,-71.817115,A09_038T14_9000003964,SMC-14,uvit1
2020-11-02,19:23:09,A09_038_T13,13.895050,-72.125701,A09_038T13_9000003966,SMC-13,uvit1
2020-11-02,20:36:55,A09_038_T24,13.947421,-73.347828,A09_038T24_9000003968,SMC-24,uvit1
2020-11-02,22:21:51,A09_038_T33,16.349438,-72.712987,A09_038T33_9000003970,SMC-33,uvit1
2020-11-03,1:53:31,T03_259_T01,11.370000,41.902806,T03_259T01_9000003972,M31N 2008-12a,uvit1
2020-11-03,12:41:11,C05_019_T04,237.391917,70.348089,C05_019T04_9000003974,Blank Sky-8,laxpc2
2020-11-04,4:27:31,T03_257_T01,340.726697,29.712317,T03_257T01_9000003976,Akn564,uvit1
2020-11-10,8:55:11,A09_038_T36,15.883196,-73.637423,A09_038T36_9000003978,SMC-36,uvit1
2020-11-10,11:00:29,A09_038_T37,16.462783,-73.323182,A09_038T37_9000003980,SMC-37,uvit1
2020-11-10,12:28:49,A09_038_T38,16.371613,-72.983569,A09_038T38_9000003982,SMC-38,uvit1
2020-11-10,14:13:53,A09_038_T39,17.543858,-72.622015,A09_038T39_9000003984,SMC-39,uvit1
2020-11-10,15:42:17,A09_038_T41,17.716700,-73.299528,A09_038T41_9000003986,SMC-41,uvit1
2020-11-10,17:43:11,T03_262_T01,11.370000,41.902806,T03_262T01_9000003988,M31N 2008-12a,sxt
2020-11-12,19:11:21,T03_263_T01,84.727393,26.315789,T03_263T01_9000003990,A0535+262,laxpc1
2020-11-14,2:31:29,A09_038_T42,18.966675,-73.268358,A09_038T42_9000003992,SMC-42,uvit1
2020-11-14,5:15:35,A09_038_T43,19.705650,-73.553693,A09_038T43_9000003994,SMC-43,uvit1
2020-11-14,7:02:42,A09_038_T44,20.211654,-73.229714,A09_038T44_9000003996,SMC-44,uvit1
2020-11-14,9:04:25,A09_038_T45,20.969629,-73.510553,A09_038T45_9000003998,SMC-45,uvit1
2020-11-14,11:05:13,A10_002_T05,11.037000,41.557347,A10_002T05_9000004000,M31 Field No. 2,uvit1
2020-11-15,18:50:54,A09_038_T46,21.450617,-73.183644,A09_038T46_9000004002,SMC-46,uvit1
2020-11-15,20:24:01,A09_038_T47,22.226725,-73.459887,A09_038T47_9000004004,SMC-47,uvit1
2020-11-15,22:06:43,A09_038_T35,17.415212,-72.080672,A09_038T35_9000004006,SMC-35,uvit1
2020-11-16,1:21:33,A09_038_T34,16.891554,-72.397542,A09_038T34_9000004008,SMC-34,uvit1
2020-11-16,4:27:40,A10_024_T01,334.962500,-48.711111,A10_024T01_9000004010,GW Candidate Transient,uvit1
2020-11-16,11:00:03,A09_038_T40,18.080917,-72.371539,A09_038T40_9000004012,SMC-40,uvit1
2020-11-16,13:02:55,A10_009_T02,21.742062,-32.543177,A10_009T02_9000004014,R Scl,uvit1
2020-11-16,21:10:56,A10_016_T01,174.811967,17.143669,A10_016T01_9000004016,UGC6614,uvit1
2020-11-18,13:43:30,A10_016_T02,40.099863,-8.433544,A10_016T02_9000004018,NGC1042,uvit1
2020-11-19,2:11:28,A10_048_T08,334.121250,-21.430694,A10_048T08_9000004020,IC 1438,uvit1
2020-11-20,12:22:14,A10_002_T04,10.710708,41.250228,A10_002T04_9000004022,M31 Field No. 1,uvit1
2020-11-21,21:01:51,A10_002_T05,11.037000,41.557347,A10_002T05_9000004024,M31 Field No. 2,uvit1
2020-11-23,11:53:18,A10_024_T01,334.962500,-48.711111,A10_024T01_9000004026,GW Candidate Transient,uvit1
2020-11-23,19:53:41,A10_048_T01,23.575833,-29.418500,A10_048T01_9000004028,NGC 0613,uvit1
2020-11-24,20:07:50,A10_048_T06,356.965417,-30.522000,A10_048T06_9000004030,NGC 7755,uvit1
2020-11-26,6:17:25,A10_049_T01,66.502958,-57.200492,A10_049T01_9000004032,1H 0419-577,sxt
2020-11-27,12:02:58,A10_016_T01,174.811967,17.143669,A10_016T01_9000004034,UGC6614,uvit1
2020-11-28,20:24:38,A10_021_T02,71.427083,-59.247181,A10_021T02_9000004036,NGC 1672,uvit1
2020-11-29,4:17:42,A10_021_T03,160.990417,11.703806,A10_021T03_9000004038,NGC 3351,uvit1
2020-11-29,15:54:21,A10_065_T03,46.010000,-12.070000,A10_065T03_9000004040,Cluster 3,sxt
2020-12-02,17:08:34,A10_021_T01,41.579375,-30.274889,A10_021T01_9000004044,NGC 1097,uvit1
2020-12-03,0:38:21,A10_045_T01,25.760000,13.645056,A10_045T01_9000004046,NGC 660,uvit1
2020-12-03,8:59:17,A10_045_T02,37.083792,-31.881028,A10_045T02_9000004048,MCG-05-07-001,uvit1
2020-12-03,15:19:24,A10_048_T02,41.579583,-30.274889,A10_048T02_9000004050,NGC 1097,uvit1
2020-12-04,17:44:22,A10_045_T03,159.862042,47.947111,A10_045T03_9000004052,UGC 5791,uvit1
2020-12-05,9:45:01,A10_057_T02,110.755833,36.354750,A10_057T02_9000004054,J0723+3621,uvit1
2020-12-06,11:47:26,A10_073_T01,96.317500,73.577472,A10_073T01_9000004056,MU Cam,sxt
2020-12-07,19:55:27,A10_073_T04,175.909583,71.688806,A10_073T04_9000004058,YY Dra,sxt
2020-12-08,0:37:58,A10_057_T05,135.100417,25.614806,A10_057T05_9000004060,UGC 4722,uvit1
2020-12-09,11:17:43,A10_024_T01,334.962500,-48.711111,A10_024T01_9000004062,GW Candidate Transient,uvit1
2020-12-09,19:14:50,A10_090_T14,351.473333,42.535000,A10_090T14_9000004064,NGC7662,uvit1
2020-12-10,11:24:55,A10_045_T04,177.900192,16.664286,A10_045T04_9000004066,LEDA 37112,uvit1
2020-12-12,18:50:28,A10_073_T05,129.544583,48.634444,A10_073T05_9000004068,EI UMa,sxt
2020-12-14,11:10:27,A10_090_T16,269.639183,66.632986,A10_090T16_9000004070,NGC6543,uvit1
2020-12-15,0:36:06,A10_045_T09,222.810042,35.542269,A10_045T09_9000004072,UGC 9562,uvit1
2020-12-16,20:21:14,C05_019_T04,237.391917,70.348089,C05_019T04_9000004074,Blank Sky-8,laxpc2
2020-12-18,3:21:48,A10_067_T01,133.703646,20.108511,A10_067T01_9000004076,oj 287,sxt
2020-12-20,12:01:50,A10_102_T06,170.889833,67.186083,A10_102T06_9000004078,J112333d56p671109d9,uvit1
2020-12-23,13:08:10,A10_116_T01,41.579375,-30.274889,A10_116T01_9000004082,NGC 1097,uvit1
2020-12-25,18:32:25,A10_101_T02,13.395554,12.693313,A10_101T02_9000004084,PG 0050+124,uvit1
2020-12-27,12:41:31,A10_045_T05,197.524333,34.181111,A10_045T05_9000004086,SDSSCGB 6435.1,uvit1
2020-12-28,13:25:00,A10_058_T13,17.033625,-15.511869,A10_058T13_9000004088,JO23,uvit1
2020-12-30,5:41:14,A10_101_T21,243.488246,65.719432,A10_101T21_9000004090,PG 1613+658,uvit1
2021-01-02,16:42:25,A10_050_T06,124.595833,-11.194150,A10_050T06_9000004092,UCAC2 27827162,uvit1
2021-01-03,8:50:56,A10_110_T04,161.325000,35.320278,A10_110T04_9000004094,SDSS J104518.43+351913.5,uvit1
2021-01-04,2:42:02,A10_123_T03,168.950208,29.188250,A10_123T03_9000004096,BCD_T3,uvit1
2021-01-04,17:20:52,A10_110_T05,166.805000,65.101944,A10_110T05_9000004098,SDSS J110713.22+650606.6,uvit1
2021-01-05,12:46:43,A10_058_T09,10.520912,-9.534464,A10_058T09_9000004100,JO200,uvit1
2021-01-07,11:28:24,A10_102_T07,37.206292,-9.031611,A10_102T07_9000004102,J022849d51m090153d8,uvit1
2021-01-08,20:17:12,A10_110_T01,155.885833,10.959722,A10_110T01_9000004104,MRK 721,uvit1
2021-01-09,17:13:21,A10_102_T03,166.880125,13.786889,A10_102T03_9000004106,J110731d23p134712d8,uvit1
2021-01-10,21:02:50,A10_045_T06,211.228042,12.704689,A10_045T06_9000004108,Mrk 803,uvit1
2021-01-13,12:15:36,A10_045_T07,211.223833,12.721694,A10_045T07_9000004110,UGC 9002,uvit1
2021-01-14,14:31:20,A10_073_T08,81.343750,24.225500,A10_073T08_9000004112,J0525+24,sxt
2021-01-15,21:20:21,A10_110_T03,174.553750,12.111944,A10_110T03_9000004114,MRK 743,uvit1
2021-01-16,21:24:53,A10_021_T04,185.386500,14.606167,A10_021T04_9000004116,NGC 4298,uvit1
2021-01-18,0:57:20,A10_021_T08,191.800000,13.900356,A10_021T08_9000004118,NGC 4689,uvit1
2021-01-18,13:59:28,A10_123_T03,168.950208,29.188250,A10_123T03_9000004120,BCD_T3,uvit1
2021-01-19,9:17:26,A10_123_T06,172.547250,44.255250,A10_123T06_9000004122,BCD_T6,uvit1
2021-01-19,21:00:20,A10_123_T07,182.681792,42.264225,A10_123T07_9000004124,BCD_T7,uvit1
2021-01-20,17:53:21,A10_123_T08,197.749458,51.487233,A10_123T08_9000004126,BCD_T8,uvit1
2021-01-21,18:26:58,A10_093_T01,80.485750,43.989444,A10_093T01_9000004128,2MASSJ05215658+4359220,uvit1
2021-01-22,15:33:42,C05_019_T04,237.391917,70.348089,C05_019T04_9000004130,Blank Sky-8,laxpc2
2021-01-23,22:33:00,A10_103_T01,201.696833,-47.479583,A10_103T01_9000004132,NGC 5139,uvit1
2021-01-25,1:10:07,A10_121_T01,215.303333,-62.698333,A10_121T01_9000004134,2S 1417-624,sxt
2021-01-27,18:45:40,A10_103_T08,225.076875,-82.213694,A10_103T08_9000004136,IC 4499,uvit1
2021-01-28,22:37:19,A10_123_T06,172.547250,44.255250,A10_123T06_9000004138,BCD_T6,uvit1
2021-01-29,16:30:02,A10_123_T07,182.681792,42.264225,A10_123T07_9000004140,BCD_T7,uvit1
2021-01-30,10:17:35,A10_115_T03,191.282583,45.440250,A10_115T03_9000004142,Y CVn,uvit1
2021-01-30,17:02:52,A10_064_T01,35.377500,39.366111,A10_064T01_9000004144,arp 273,uvit1
2021-02-02,21:11:43,A10_082_T04,241.110625,40.683042,A10_082T04_9000004150,NGC 6058,uvit1
2021-02-03,16:39:35,A10_123_T08,197.749458,51.487233,A10_123T08_9000004152,BCD_T8,uvit1
2021-02-04,11:55:28,A10_048_T03,197.202917,-6.777500,A10_048T03_9000004154,NGC 4981,uvit1
2021-02-05,15:40:41,A10_073_T06,99.135417,35.595361,A10_073T06_9000004156,V647 Aur,sxt
2021-02-06,6:21:53,A10_073_T06,99.135417,35.595361,A10_073T06_9000004156,V647 Aur,sxt
2021-02-07,12:56:35,A10_103_T04,114.535292,38.882444,A10_103T04_9000004158,NGC 2419,uvit1
2021-02-08,13:18:01,A10_123_T02,129.684375,43.372275,A10_123T02_9000004160,BCD_T2,uvit1
2021-02-10,1:17:22,C05_019_T04,237.391917,70.348089,C05_019T04_9000004162,Blank Sky-8,laxpc2
2021-02-11,9:39:06,A10_094_T20,84.395425,-70.194733,A10_094T20_9000004164,LMC-20,uvit1
2021-02-11,11:36:03,A10_094_T21,85.457556,-70.170906,A10_094T21_9000004166,LMC-21,uvit1
2021-02-11,13:04:23,A10_094_T22,86.516968,-70.140823,A10_094T22_9000004168,LMC-22,uvit1
2021-02-11,14:56:52,A10_097_T04,162.097917,-25.162056,A10_097T04_9000004170,NGC 3393,uvit1
2021-02-12,11:28:05,A10_094_T19,83.331199,-70.212284,A10_094T19_9000004172,LMC-19,uvit1
2021-02-12,13:22:09,A10_094_T18,82.265509,-70.223543,A10_094T18_9000004174,LMC-18,uvit1
2021-02-12,15:07:09,A10_094_T17,81.198998,-70.228499,A10_094T17_9000004176,LMC-17,uvit1
2021-02-12,16:42:43,A10_115_T01,94.992575,-10.637417,A10_115T01_9000004178,HD44179,uvit1
2021-02-13,0:55:21,T03_275_T01,255.705667,-48.789667,T03_275T01_9000004180,GX339-4,laxpc1
2021-02-13,20:41:58,A10_063_T01,211.591208,22.396254,A10_063T01_9000004182,PG 1404+226,sxt
2021-02-15,12:38:56,A10_099_T01,193.051921,-13.414720,A10_099T01_9000004184,NGC 4748,uvit1
2021-02-19,12:26:51,A10_021_T08,191.800000,13.900356,A10_021T08_9000004186,NGC 4689,uvit1
2021-02-19,17:05:36,A10_048_T07,186.481667,18.213889,A10_048T07_9000004188,NGC 4394,uvit1
2021-02-20,16:34:08,A10_053_T19,49.897333,-32.846167,A10_053T19_9000004190,BMP19,uvit1
2021-02-20,19:08:39,A10_053_T34,48.724083,-14.731889,A10_053T34_9000004192,BMP40,uvit1
2021-02-21,4:53:23,A10_053_T41,112.672708,24.085167,A10_053T41_9000004194,BMP49,uvit1
2021-02-21,8:14:46,A10_094_T71,87.203075,-68.889408,A10_094T71_9000004196,LMC-71,uvit1
2021-02-21,10:23:24,A10_053_T43,205.435750,47.690694,A10_053T43_9000004198,BMP51,uvit1
2021-02-21,13:05:04,A10_102_T02,258.537667,58.818389,A10_102T02_9000004200,J171409d04p584906d2,uvit1
2021-02-23,4:06:40,T03_272_T01,239.454167,-54.415000,T03_272T01_9000004204,2S 1553-542,laxpc2
2021-02-24,5:13:31,A10_115_T01,94.992575,-10.637417,A10_115T01_9000004206,HD44179,uvit1
2021-02-24,14:31:05,A10_045_T08,220.329917,7.792994,A10_045T08_9000004208,LEDA 84268,uvit1
2021-02-26,6:53:20,A10_021_T10,287.442083,-63.857528,A10_021T10_9000004210,NGC 6744,uvit1
2021-02-26,18:20:25,A10_050_T01,272.682750,-27.963917,A10_050T01_9000004212,AS281,uvit1
2021-02-28,9:13:48,A10_083_T01,274.281375,-56.023356,A10_083T01_9000004214,QV Tel (HR 6819),laxpc2
2021-02-28,17:31:31,A10_050_T03,272.462708,-27.766858,A10_050T03_9000004216,IRAS 18067-2746,uvit1
2021-03-02,1:04:04,T03_279_T01,255.705754,-48.789767,T03_279T01_9000004218,GX339-4,sxt
2021-03-04,20:37:17,A10_102_T11,246.416125,40.801167,A10_102T11_9000004220,J162539d87p404804d2,uvit1
2021-03-05,1:12:00,T03_280_T01,255.754261,-48.604031,T03_280T01_9000004222,gx339-4_1,uvit1
2021-03-05,9:11:30,T03_281_T01,255.981332,-48.739650,T03_281T01_9000004224,gx339-4_2,uvit1
2021-03-05,10:53:36,T03_282_T01,255.899417,-48.972779,T03_282T01_9000004226,gx339-4_3,uvit1
2021-03-05,12:39:46,A10_101_T19,226.004975,10.437716,A10_101T19_9000004228,PG 1501+106,uvit1
2021-03-06,16:05:34,A10_102_T11,246.416125,40.801167,A10_102T11_9000004230,J162539d87p404804d2,uvit1
2021-03-07,18:11:13,A10_102_T05,241.382667,17.807250,A10_102T05_9000004232,J160531d84p174826d1,uvit1
2021-03-08,23:29:58,A10_110_T02,203.100833,11.106389,A10_110T02_9000004234,MRK 789,uvit1
2021-03-09,20:31:16,A10_094_T01,76.339345,-70.477508,A10_094T01_9000004236,LMC-01,uvit1
2021-03-09,22:10:38,A10_094_T02,77.417499,-70.501250,A10_094T02_9000004238,LMC-02,uvit1
2021-03-10,1:39:41,A10_102_T08,138.603125,11.940417,A10_102T08_9000004240,J091424d75p115625d5,uvit1
2021-03-10,20:46:22,A10_102_T09,120.999833,9.979667,A10_102T09_9000004242,J080359d96p095846d8,uvit1
2021-03-11,19:50:13,A10_094_T05,80.662190,-70.534169,A10_094T05_9000004244,LMC-05,uvit1
2021-03-11,21:17:12,A10_064_T03,289.625000,-60.498889,A10_064T03_9000004246,VV 304,uvit1
2021-03-13,1:50:16,A10_094_T06,81.744937,-70.532339,A10_094T06_9000004248,LMC-06,uvit1